2026-09-07 20:48:53,565 [INFO] === Departamento: costa ===
2026-09-07 20:48:55,217 [INFO] Sintético generado para costa: 200 demanda, 20 facilities
2026-09-07 20:48:57,703 [INFO] costa: 192 demanda validos, 19 facilities validas, 5 resolutivas activas
2026-09-07 20:49:23,561 [INFO] Matriz calculada y cacheada: /Users/henrylluptoncapunay/Documents/GitHub/Llupton_Henry_HW_02_202602/data/processed/routing_cache/costa/matrix_drive.parquet (960 filas)
2026-09-07 20:49:23,561 [INFO] costa/drive: grafo=osm, matriz=960 filas
2026-09-07 20:49:51,898 [INFO] Matriz calculada y cacheada: /Users/henrylluptoncapunay/Documents/GitHub/Llupton_Henry_HW_02_202602/data/processed/routing_cache/costa/matrix_walk.parquet (960 filas)
2026-09-07 20:49:51,899 [INFO] costa/walk: grafo=osm, matriz=960 filas
2026-09-07 20:49:57,936 [INFO] Matriz calculada y cacheada: /Users/henrylluptoncapunay/Documents/GitHub/Llupton_Henry_HW_02_202602/data/processed/routing_cache/costa/matrix_bike.parquet (960 filas)
2026-09-07 20:49:57,937 [INFO] costa/bike: grafo=osm, matriz=960 filas
2026-09-07 20:49:57,945 [INFO] === Departamento: andino ===
2026-09-07 20:49:57,955 [INFO] Sintético generado para andino: 200 demanda, 20 facilities
2026-09-07 20:49:57,993 [INFO] andino: 192 demanda validos, 19 facilities validas, 5 resolutivas activas
2026-09-07 20:51:27,355 [WARNING] Falló descarga OSM para andino/drive (HTTPSConnectionPool(host='overpass-api.de', port=443): Max retries exceeded with url: /api/interpreter (Caused by NewConnectionError("HTTPSConnection(host='overpass-api.de', port=443): Failed to establish a new connection: [Errno 61] Connection refused"))). Usando grafo sintético.
2026-09-07 20:51:27,443 [INFO] Matriz calculada y cacheada: /Users/henrylluptoncapunay/Documents/GitHub/Llupton_Henry_HW_02_202602/data/processed/routing_cache/andino/matrix_drive.parquet (960 filas)
2026-09-07 20:51:27,443 [INFO] andino/drive: grafo=synthetic, matriz=960 filas
2026-09-07 20:52:28,695 [WARNING] Falló descarga OSM para andino/walk (HTTPSConnectionPool(host='overpass-api.de', port=443): Max retries exceeded with url: /api/interpreter (Caused by NewConnectionError("HTTPSConnection(host='overpass-api.de', port=443): Failed to establish a new connection: [Errno 61] Connection refused"))). Usando grafo sintético.
2026-09-07 20:52:28,781 [INFO] Matriz calculada y cacheada: /Users/henrylluptoncapunay/Documents/GitHub/Llupton_Henry_HW_02_202602/data/processed/routing_cache/andino/matrix_walk.parquet (960 filas)
2026-09-07 20:52:28,781 [INFO] andino/walk: grafo=synthetic, matriz=960 filas
2026-09-07 20:53:34,464 [WARNING] Falló descarga OSM para andino/bike (HTTPSConnectionPool(host='overpass-api.de', port=443): Max retries exceeded with url: /api/interpreter (Caused by NewConnectionError("HTTPSConnection(host='overpass-api.de', port=443): Failed to establish a new connection: [Errno 61] Connection refused"))). Usando grafo sintético.
2026-09-07 20:53:34,557 [INFO] Matriz calculada y cacheada: /Users/henrylluptoncapunay/Documents/GitHub/Llupton_Henry_HW_02_202602/data/processed/routing_cache/andino/matrix_bike.parquet (960 filas)
2026-09-07 20:53:34,557 [INFO] andino/bike: grafo=synthetic, matriz=960 filas
2026-09-07 20:53:34,565 [INFO] === Departamento: amazonico ===
2026-09-07 20:53:34,576 [INFO] Sintético generado para amazonico: 200 demanda, 20 facilities
2026-09-07 20:53:34,614 [INFO] amazonico: 192 demanda validos, 19 facilities validas, 5 resolutivas activas
2026-09-07 20:54:48,302 [INFO] === Departamento: costa ===
2026-09-07 20:54:48,302 [INFO] SKIP (sintético ya existe) para costa
2026-09-07 20:54:48,474 [INFO] costa: 192 demanda validos, 19 facilities validas, 5 resolutivas activas
2026-09-07 20:54:49,077 [INFO] Grafo cacheado cargado: /Users/henrylluptoncapunay/Documents/GitHub/Llupton_Henry_HW_02_202602/data/processed/routing_cache/costa/drive.graphml (osm)
2026-09-07 20:54:49,092 [INFO] Matriz cacheada: /Users/henrylluptoncapunay/Documents/GitHub/Llupton_Henry_HW_02_202602/data/processed/routing_cache/costa/matrix_drive.parquet
2026-09-07 20:54:49,096 [INFO] costa/drive: grafo=osm, matriz=960 filas
2026-09-07 20:54:49,677 [INFO] Grafo cacheado cargado: /Users/henrylluptoncapunay/Documents/GitHub/Llupton_Henry_HW_02_202602/data/processed/routing_cache/costa/walk.graphml (osm)
2026-09-07 20:54:49,693 [INFO] Matriz cacheada: /Users/henrylluptoncapunay/Documents/GitHub/Llupton_Henry_HW_02_202602/data/processed/routing_cache/costa/matrix_walk.parquet
2026-09-07 20:54:49,695 [INFO] costa/walk: grafo=osm, matriz=960 filas
2026-09-07 20:54:50,213 [INFO] Grafo cacheado cargado: /Users/henrylluptoncapunay/Documents/GitHub/Llupton_Henry_HW_02_202602/data/processed/routing_cache/costa/bike.graphml (osm)
2026-09-07 20:54:50,228 [INFO] Matriz cacheada: /Users/henrylluptoncapunay/Documents/GitHub/Llupton_Henry_HW_02_202602/data/processed/routing_cache/costa/matrix_bike.parquet
2026-09-07 20:54:50,230 [INFO] costa/bike: grafo=osm, matriz=960 filas
2026-09-07 20:54:50,240 [INFO] === Departamento: andino ===
2026-09-07 20:54:50,240 [INFO] SKIP (sintético ya existe) para andino
2026-09-07 20:54:50,274 [INFO] andino: 192 demanda validos, 19 facilities validas, 5 resolutivas activas
2026-09-07 20:54:50,293 [INFO] Grafo cacheado cargado: /Users/henrylluptoncapunay/Documents/GitHub/Llupton_Henry_HW_02_202602/data/processed/routing_cache/andino/drive.graphml (synthetic)
2026-09-07 20:54:50,300 [INFO] Matriz cacheada: /Users/henrylluptoncapunay/Documents/GitHub/Llupton_Henry_HW_02_202602/data/processed/routing_cache/andino/matrix_drive.parquet
2026-09-07 20:54:50,302 [INFO] andino/drive: grafo=synthetic, matriz=960 filas
2026-09-07 20:54:50,319 [INFO] Grafo cacheado cargado: /Users/henrylluptoncapunay/Documents/GitHub/Llupton_Henry_HW_02_202602/data/processed/routing_cache/andino/walk.graphml (synthetic)
2026-09-07 20:54:50,326 [INFO] Matriz cacheada: /Users/henrylluptoncapunay/Documents/GitHub/Llupton_Henry_HW_02_202602/data/processed/routing_cache/andino/matrix_walk.parquet
2026-09-07 20:54:50,327 [INFO] andino/walk: grafo=synthetic, matriz=960 filas
2026-09-07 20:54:50,346 [INFO] Grafo cacheado cargado: /Users/henrylluptoncapunay/Documents/GitHub/Llupton_Henry_HW_02_202602/data/processed/routing_cache/andino/bike.graphml (synthetic)
2026-09-07 20:54:50,352 [INFO] Matriz cacheada: /Users/henrylluptoncapunay/Documents/GitHub/Llupton_Henry_HW_02_202602/data/processed/routing_cache/andino/matrix_bike.parquet
2026-09-07 20:54:50,354 [INFO] andino/bike: grafo=synthetic, matriz=960 filas
2026-09-07 20:54:50,361 [INFO] === Departamento: amazonico ===
2026-09-07 20:54:50,361 [INFO] SKIP (sintético ya existe) para amazonico
2026-09-07 20:54:50,395 [INFO] amazonico: 192 demanda validos, 19 facilities validas, 5 resolutivas activas
2026-09-07 20:55:55,041 [WARNING] Falló descarga OSM para amazonico/drive (HTTPSConnectionPool(host='overpass-api.de', port=443): Max retries exceeded with url: /api/interpreter (Caused by NewConnectionError("HTTPSConnection(host='overpass-api.de', port=443): Failed to establish a new connection: [Errno 61] Connection refused"))). Usando grafo sintético.
2026-09-07 20:55:55,154 [INFO] Matriz calculada y cacheada: /Users/henrylluptoncapunay/Documents/GitHub/Llupton_Henry_HW_02_202602/data/processed/routing_cache/amazonico/matrix_drive.parquet (960 filas)
2026-09-07 20:55:55,154 [INFO] amazonico/drive: grafo=synthetic, matriz=960 filas
2026-09-07 20:56:59,706 [WARNING] Falló descarga OSM para amazonico/walk (HTTPSConnectionPool(host='overpass-api.de', port=443): Max retries exceeded with url: /api/interpreter (Caused by NewConnectionError("HTTPSConnection(host='overpass-api.de', port=443): Failed to establish a new connection: [Errno 61] Connection refused"))). Usando grafo sintético.
2026-09-07 20:56:59,780 [INFO] Matriz calculada y cacheada: /Users/henrylluptoncapunay/Documents/GitHub/Llupton_Henry_HW_02_202602/data/processed/routing_cache/amazonico/matrix_walk.parquet (960 filas)
2026-09-07 20:56:59,780 [INFO] amazonico/walk: grafo=synthetic, matriz=960 filas
2026-09-07 20:58:01,360 [WARNING] Falló descarga OSM para amazonico/bike (HTTPSConnectionPool(host='overpass-api.de', port=443): Max retries exceeded with url: /api/interpreter (Caused by NewConnectionError("HTTPSConnection(host='overpass-api.de', port=443): Failed to establish a new connection: [Errno 61] Connection refused"))). Usando grafo sintético.
2026-09-07 20:58:01,453 [INFO] Matriz calculada y cacheada: /Users/henrylluptoncapunay/Documents/GitHub/Llupton_Henry_HW_02_202602/data/processed/routing_cache/amazonico/matrix_bike.parquet (960 filas)
2026-09-07 20:58:01,453 [INFO] amazonico/bike: grafo=synthetic, matriz=960 filas
2026-09-07 20:58:01,462 [INFO] Quality report: /Users/henrylluptoncapunay/Documents/GitHub/Llupton_Henry_HW_02_202602/data/outputs/quality_report.json
2026-09-07 20:58:01,517 [INFO] Métricas exportadas a /Users/henrylluptoncapunay/Documents/GitHub/Llupton_Henry_HW_02_202602/data/outputs
2026-09-07 20:58:01,517 [INFO] Pipeline completo.
2026-09-07 20:58:24,831 [INFO] === Departamento: costa ===
2026-09-07 20:58:24,831 [INFO] SKIP (sintético ya existe) para costa
2026-09-07 20:58:24,997 [INFO] costa: 192 demanda validos, 19 facilities validas, 5 resolutivas activas
2026-09-07 20:58:25,566 [INFO] Grafo cacheado cargado: /Users/henrylluptoncapunay/Documents/GitHub/Llupton_Henry_HW_02_202602/data/processed/routing_cache/costa/drive.graphml (osm)
2026-09-07 20:58:25,580 [INFO] Matriz cacheada: /Users/henrylluptoncapunay/Documents/GitHub/Llupton_Henry_HW_02_202602/data/processed/routing_cache/costa/matrix_drive.parquet
2026-09-07 20:58:25,583 [INFO] costa/drive: grafo=osm, matriz=960 filas
2026-09-07 20:58:26,140 [INFO] Grafo cacheado cargado: /Users/henrylluptoncapunay/Documents/GitHub/Llupton_Henry_HW_02_202602/data/processed/routing_cache/costa/walk.graphml (osm)
2026-09-07 20:58:26,156 [INFO] Matriz cacheada: /Users/henrylluptoncapunay/Documents/GitHub/Llupton_Henry_HW_02_202602/data/processed/routing_cache/costa/matrix_walk.parquet
2026-09-07 20:58:26,158 [INFO] costa/walk: grafo=osm, matriz=960 filas
2026-09-07 20:58:26,644 [INFO] Grafo cacheado cargado: /Users/henrylluptoncapunay/Documents/GitHub/Llupton_Henry_HW_02_202602/data/processed/routing_cache/costa/bike.graphml (osm)
2026-09-07 20:58:26,658 [INFO] Matriz cacheada: /Users/henrylluptoncapunay/Documents/GitHub/Llupton_Henry_HW_02_202602/data/processed/routing_cache/costa/matrix_bike.parquet
2026-09-07 20:58:26,660 [INFO] costa/bike: grafo=osm, matriz=960 filas
2026-09-07 20:58:26,667 [INFO] === Departamento: andino ===
2026-09-07 20:58:26,667 [INFO] SKIP (sintético ya existe) para andino
2026-09-07 20:58:26,698 [INFO] andino: 192 demanda validos, 19 facilities validas, 5 resolutivas activas
2026-09-07 20:58:26,716 [INFO] Grafo cacheado cargado: /Users/henrylluptoncapunay/Documents/GitHub/Llupton_Henry_HW_02_202602/data/processed/routing_cache/andino/drive.graphml (synthetic)
2026-09-07 20:58:26,722 [INFO] Matriz cacheada: /Users/henrylluptoncapunay/Documents/GitHub/Llupton_Henry_HW_02_202602/data/processed/routing_cache/andino/matrix_drive.parquet
2026-09-07 20:58:26,724 [INFO] andino/drive: grafo=synthetic, matriz=960 filas
2026-09-07 20:58:26,741 [INFO] Grafo cacheado cargado: /Users/henrylluptoncapunay/Documents/GitHub/Llupton_Henry_HW_02_202602/data/processed/routing_cache/andino/walk.graphml (synthetic)
2026-09-07 20:58:26,747 [INFO] Matriz cacheada: /Users/henrylluptoncapunay/Documents/GitHub/Llupton_Henry_HW_02_202602/data/processed/routing_cache/andino/matrix_walk.parquet
2026-09-07 20:58:26,748 [INFO] andino/walk: grafo=synthetic, matriz=960 filas
2026-09-07 20:58:26,764 [INFO] Grafo cacheado cargado: /Users/henrylluptoncapunay/Documents/GitHub/Llupton_Henry_HW_02_202602/data/processed/routing_cache/andino/bike.graphml (synthetic)
2026-09-07 20:58:26,770 [INFO] Matriz cacheada: /Users/henrylluptoncapunay/Documents/GitHub/Llupton_Henry_HW_02_202602/data/processed/routing_cache/andino/matrix_bike.parquet
2026-09-07 20:58:26,771 [INFO] andino/bike: grafo=synthetic, matriz=960 filas
2026-09-07 20:58:26,777 [INFO] === Departamento: amazonico ===
2026-09-07 20:58:26,777 [INFO] SKIP (sintético ya existe) para amazonico
2026-09-07 20:58:26,809 [INFO] amazonico: 192 demanda validos, 19 facilities validas, 5 resolutivas activas
2026-09-07 20:58:26,825 [INFO] Grafo cacheado cargado: /Users/henrylluptoncapunay/Documents/GitHub/Llupton_Henry_HW_02_202602/data/processed/routing_cache/amazonico/drive.graphml (synthetic)
2026-09-07 20:58:26,831 [INFO] Matriz cacheada: /Users/henrylluptoncapunay/Documents/GitHub/Llupton_Henry_HW_02_202602/data/processed/routing_cache/amazonico/matrix_drive.parquet
2026-09-07 20:58:26,833 [INFO] amazonico/drive: grafo=synthetic, matriz=960 filas
2026-09-07 20:58:26,880 [INFO] Grafo cacheado cargado: /Users/henrylluptoncapunay/Documents/GitHub/Llupton_Henry_HW_02_202602/data/processed/routing_cache/amazonico/walk.graphml (synthetic)
2026-09-07 20:58:26,886 [INFO] Matriz cacheada: /Users/henrylluptoncapunay/Documents/GitHub/Llupton_Henry_HW_02_202602/data/processed/routing_cache/amazonico/matrix_walk.parquet
2026-09-07 20:58:26,888 [INFO] amazonico/walk: grafo=synthetic, matriz=960 filas
2026-09-07 20:58:26,904 [INFO] Grafo cacheado cargado: /Users/henrylluptoncapunay/Documents/GitHub/Llupton_Henry_HW_02_202602/data/processed/routing_cache/amazonico/bike.graphml (synthetic)
2026-09-07 20:58:26,910 [INFO] Matriz cacheada: /Users/henrylluptoncapunay/Documents/GitHub/Llupton_Henry_HW_02_202602/data/processed/routing_cache/amazonico/matrix_bike.parquet
2026-09-07 20:58:26,912 [INFO] amazonico/bike: grafo=synthetic, matriz=960 filas
2026-09-07 20:58:26,918 [INFO] Quality report: /Users/henrylluptoncapunay/Documents/GitHub/Llupton_Henry_HW_02_202602/data/outputs/quality_report.json
2026-09-07 20:58:27,006 [INFO] Métricas exportadas a /Users/henrylluptoncapunay/Documents/GitHub/Llupton_Henry_HW_02_202602/data/outputs
2026-09-07 20:58:27,006 [INFO] Pipeline completo.
2026-09-07 20:59:49,868 [INFO] === Departamento: costa ===
2026-09-07 20:59:49,868 [INFO] SKIP (sintético ya existe) para costa
2026-09-07 20:59:49,948 [INFO] costa: 192 demanda validos, 19 facilities validas, 5 resolutivas activas
2026-09-07 20:59:50,501 [INFO] Grafo cacheado cargado: /Users/henrylluptoncapunay/Documents/GitHub/Llupton_Henry_HW_02_202602/data/processed/routing_cache/costa/drive.graphml (osm)
2026-09-07 20:59:50,515 [INFO] Matriz cacheada: /Users/henrylluptoncapunay/Documents/GitHub/Llupton_Henry_HW_02_202602/data/processed/routing_cache/costa/matrix_drive.parquet
2026-09-07 20:59:50,517 [INFO] costa/drive: grafo=osm, matriz=960 filas
2026-09-07 20:59:51,074 [INFO] Grafo cacheado cargado: /Users/henrylluptoncapunay/Documents/GitHub/Llupton_Henry_HW_02_202602/data/processed/routing_cache/costa/walk.graphml (osm)
2026-09-07 20:59:51,090 [INFO] Matriz cacheada: /Users/henrylluptoncapunay/Documents/GitHub/Llupton_Henry_HW_02_202602/data/processed/routing_cache/costa/matrix_walk.parquet
2026-09-07 20:59:51,091 [INFO] costa/walk: grafo=osm, matriz=960 filas
2026-09-07 20:59:51,585 [INFO] Grafo cacheado cargado: /Users/henrylluptoncapunay/Documents/GitHub/Llupton_Henry_HW_02_202602/data/processed/routing_cache/costa/bike.graphml (osm)
2026-09-07 20:59:51,600 [INFO] Matriz cacheada: /Users/henrylluptoncapunay/Documents/GitHub/Llupton_Henry_HW_02_202602/data/processed/routing_cache/costa/matrix_bike.parquet
2026-09-07 20:59:51,602 [INFO] costa/bike: grafo=osm, matriz=960 filas
2026-09-07 20:59:51,608 [INFO] === Departamento: andino ===
2026-09-07 20:59:51,608 [INFO] SKIP (sintético ya existe) para andino
2026-09-07 20:59:51,639 [INFO] andino: 192 demanda validos, 19 facilities validas, 5 resolutivas activas
2026-09-07 20:59:51,655 [INFO] Grafo cacheado cargado: /Users/henrylluptoncapunay/Documents/GitHub/Llupton_Henry_HW_02_202602/data/processed/routing_cache/andino/drive.graphml (synthetic)
2026-09-07 20:59:51,661 [INFO] Matriz cacheada: /Users/henrylluptoncapunay/Documents/GitHub/Llupton_Henry_HW_02_202602/data/processed/routing_cache/andino/matrix_drive.parquet
2026-09-07 20:59:51,662 [INFO] andino/drive: grafo=synthetic, matriz=960 filas
2026-09-07 20:59:51,678 [INFO] Grafo cacheado cargado: /Users/henrylluptoncapunay/Documents/GitHub/Llupton_Henry_HW_02_202602/data/processed/routing_cache/andino/walk.graphml (synthetic)
2026-09-07 20:59:51,684 [INFO] Matriz cacheada: /Users/henrylluptoncapunay/Documents/GitHub/Llupton_Henry_HW_02_202602/data/processed/routing_cache/andino/matrix_walk.parquet
2026-09-07 20:59:51,685 [INFO] andino/walk: grafo=synthetic, matriz=960 filas
2026-09-07 20:59:51,701 [INFO] Grafo cacheado cargado: /Users/henrylluptoncapunay/Documents/GitHub/Llupton_Henry_HW_02_202602/data/processed/routing_cache/andino/bike.graphml (synthetic)
2026-09-07 20:59:51,707 [INFO] Matriz cacheada: /Users/henrylluptoncapunay/Documents/GitHub/Llupton_Henry_HW_02_202602/data/processed/routing_cache/andino/matrix_bike.parquet
2026-09-07 20:59:51,708 [INFO] andino/bike: grafo=synthetic, matriz=960 filas
2026-09-07 20:59:51,714 [INFO] === Departamento: amazonico ===
2026-09-07 20:59:51,714 [INFO] SKIP (sintético ya existe) para amazonico
2026-09-07 20:59:51,744 [INFO] amazonico: 192 demanda validos, 19 facilities validas, 5 resolutivas activas
2026-09-07 20:59:51,760 [INFO] Grafo cacheado cargado: /Users/henrylluptoncapunay/Documents/GitHub/Llupton_Henry_HW_02_202602/data/processed/routing_cache/amazonico/drive.graphml (synthetic)
2026-09-07 20:59:51,766 [INFO] Matriz cacheada: /Users/henrylluptoncapunay/Documents/GitHub/Llupton_Henry_HW_02_202602/data/processed/routing_cache/amazonico/matrix_drive.parquet
2026-09-07 20:59:51,767 [INFO] amazonico/drive: grafo=synthetic, matriz=960 filas
2026-09-07 20:59:51,813 [INFO] Grafo cacheado cargado: /Users/henrylluptoncapunay/Documents/GitHub/Llupton_Henry_HW_02_202602/data/processed/routing_cache/amazonico/walk.graphml (synthetic)
2026-09-07 20:59:51,820 [INFO] Matriz cacheada: /Users/henrylluptoncapunay/Documents/GitHub/Llupton_Henry_HW_02_202602/data/processed/routing_cache/amazonico/matrix_walk.parquet
2026-09-07 20:59:51,821 [INFO] amazonico/walk: grafo=synthetic, matriz=960 filas
2026-09-07 20:59:51,837 [INFO] Grafo cacheado cargado: /Users/henrylluptoncapunay/Documents/GitHub/Llupton_Henry_HW_02_202602/data/processed/routing_cache/amazonico/bike.graphml (synthetic)
2026-09-07 20:59:51,843 [INFO] Matriz cacheada: /Users/henrylluptoncapunay/Documents/GitHub/Llupton_Henry_HW_02_202602/data/processed/routing_cache/amazonico/matrix_bike.parquet
2026-09-07 20:59:51,845 [INFO] amazonico/bike: grafo=synthetic, matriz=960 filas
2026-09-07 20:59:51,851 [INFO] Quality report: /Users/henrylluptoncapunay/Documents/GitHub/Llupton_Henry_HW_02_202602/data/outputs/quality_report.json
2026-09-07 20:59:51,933 [INFO] Métricas exportadas a /Users/henrylluptoncapunay/Documents/GitHub/Llupton_Henry_HW_02_202602/data/outputs
2026-09-07 20:59:51,933 [INFO] Pipeline completo.
2026-09-07 21:02:09,932 [INFO] === Departamento: costa ===
2026-09-07 21:02:09,932 [INFO] SKIP (sintético ya existe) para costa
2026-09-07 21:02:10,034 [INFO] costa: 192 demanda validos, 19 facilities validas, 5 resolutivas activas
2026-09-07 21:02:10,596 [INFO] Grafo cacheado cargado: /Users/henrylluptoncapunay/Documents/GitHub/Llupton_Henry_HW_02_202602/data/processed/routing_cache/costa/drive.graphml (osm)
2026-09-07 21:02:10,610 [INFO] Matriz cacheada: /Users/henrylluptoncapunay/Documents/GitHub/Llupton_Henry_HW_02_202602/data/processed/routing_cache/costa/matrix_drive.parquet
2026-09-07 21:02:10,613 [INFO] costa/drive: grafo=osm, matriz=960 filas
2026-09-07 21:02:11,168 [INFO] Grafo cacheado cargado: /Users/henrylluptoncapunay/Documents/GitHub/Llupton_Henry_HW_02_202602/data/processed/routing_cache/costa/walk.graphml (osm)
2026-09-07 21:02:11,184 [INFO] Matriz cacheada: /Users/henrylluptoncapunay/Documents/GitHub/Llupton_Henry_HW_02_202602/data/processed/routing_cache/costa/matrix_walk.parquet
2026-09-07 21:02:11,186 [INFO] costa/walk: grafo=osm, matriz=960 filas
2026-09-07 21:02:11,677 [INFO] Grafo cacheado cargado: /Users/henrylluptoncapunay/Documents/GitHub/Llupton_Henry_HW_02_202602/data/processed/routing_cache/costa/bike.graphml (osm)
2026-09-07 21:02:11,691 [INFO] Matriz cacheada: /Users/henrylluptoncapunay/Documents/GitHub/Llupton_Henry_HW_02_202602/data/processed/routing_cache/costa/matrix_bike.parquet
2026-09-07 21:02:11,693 [INFO] costa/bike: grafo=osm, matriz=960 filas
2026-09-07 21:02:12,656 [INFO] === Departamento: andino ===
2026-09-07 21:02:12,656 [INFO] SKIP (sintético ya existe) para andino
2026-09-07 21:02:12,689 [INFO] andino: 192 demanda validos, 19 facilities validas, 5 resolutivas activas
2026-09-07 21:02:12,706 [INFO] Grafo cacheado cargado: /Users/henrylluptoncapunay/Documents/GitHub/Llupton_Henry_HW_02_202602/data/processed/routing_cache/andino/drive.graphml (synthetic)
2026-09-07 21:02:12,712 [INFO] Matriz cacheada: /Users/henrylluptoncapunay/Documents/GitHub/Llupton_Henry_HW_02_202602/data/processed/routing_cache/andino/matrix_drive.parquet
2026-09-07 21:02:12,713 [INFO] andino/drive: grafo=synthetic, matriz=960 filas
2026-09-07 21:02:12,730 [INFO] Grafo cacheado cargado: /Users/henrylluptoncapunay/Documents/GitHub/Llupton_Henry_HW_02_202602/data/processed/routing_cache/andino/walk.graphml (synthetic)
2026-09-07 21:02:12,736 [INFO] Matriz cacheada: /Users/henrylluptoncapunay/Documents/GitHub/Llupton_Henry_HW_02_202602/data/processed/routing_cache/andino/matrix_walk.parquet
2026-09-07 21:02:12,737 [INFO] andino/walk: grafo=synthetic, matriz=960 filas
2026-09-07 21:02:12,754 [INFO] Grafo cacheado cargado: /Users/henrylluptoncapunay/Documents/GitHub/Llupton_Henry_HW_02_202602/data/processed/routing_cache/andino/bike.graphml (synthetic)
2026-09-07 21:02:12,759 [INFO] Matriz cacheada: /Users/henrylluptoncapunay/Documents/GitHub/Llupton_Henry_HW_02_202602/data/processed/routing_cache/andino/matrix_bike.parquet
2026-09-07 21:02:12,761 [INFO] andino/bike: grafo=synthetic, matriz=960 filas
2026-09-07 21:02:12,773 [INFO] === Departamento: amazonico ===
2026-09-07 21:02:12,773 [INFO] SKIP (sintético ya existe) para amazonico
2026-09-07 21:02:12,804 [INFO] amazonico: 192 demanda validos, 19 facilities validas, 5 resolutivas activas
2026-09-07 21:02:12,824 [INFO] Grafo cacheado cargado: /Users/henrylluptoncapunay/Documents/GitHub/Llupton_Henry_HW_02_202602/data/processed/routing_cache/amazonico/drive.graphml (synthetic)
2026-09-07 21:02:12,830 [INFO] Matriz cacheada: /Users/henrylluptoncapunay/Documents/GitHub/Llupton_Henry_HW_02_202602/data/processed/routing_cache/amazonico/matrix_drive.parquet
2026-09-07 21:02:12,832 [INFO] amazonico/drive: grafo=synthetic, matriz=960 filas
2026-09-07 21:02:12,858 [INFO] Grafo cacheado cargado: /Users/henrylluptoncapunay/Documents/GitHub/Llupton_Henry_HW_02_202602/data/processed/routing_cache/amazonico/walk.graphml (synthetic)
2026-09-07 21:02:12,864 [INFO] Matriz cacheada: /Users/henrylluptoncapunay/Documents/GitHub/Llupton_Henry_HW_02_202602/data/processed/routing_cache/amazonico/matrix_walk.parquet
2026-09-07 21:02:12,866 [INFO] amazonico/walk: grafo=synthetic, matriz=960 filas
2026-09-07 21:02:12,882 [INFO] Grafo cacheado cargado: /Users/henrylluptoncapunay/Documents/GitHub/Llupton_Henry_HW_02_202602/data/processed/routing_cache/amazonico/bike.graphml (synthetic)
2026-09-07 21:02:12,888 [INFO] Matriz cacheada: /Users/henrylluptoncapunay/Documents/GitHub/Llupton_Henry_HW_02_202602/data/processed/routing_cache/amazonico/matrix_bike.parquet
2026-09-07 21:02:12,890 [INFO] amazonico/bike: grafo=synthetic, matriz=960 filas
2026-09-07 21:02:12,901 [INFO] Quality report: /Users/henrylluptoncapunay/Documents/GitHub/Llupton_Henry_HW_02_202602/data/outputs/quality_report.json
2026-09-07 21:02:12,998 [INFO] Métricas exportadas a /Users/henrylluptoncapunay/Documents/GitHub/Llupton_Henry_HW_02_202602/data/outputs
2026-09-07 21:02:12,998 [INFO] Pipeline completo.
2026-09-07 21:03:55,327 [INFO] === Departamento: costa ===
2026-09-07 21:03:55,327 [INFO] SKIP (sintético ya existe) para costa
2026-09-07 21:03:55,549 [INFO] costa: 192 demanda validos, 19 facilities validas, 5 resolutivas activas
2026-09-07 21:03:56,163 [INFO] Grafo cacheado cargado: /Users/henrylluptoncapunay/Documents/GitHub/Llupton_Henry_HW_02_202602/data/processed/routing_cache/costa/drive.graphml (osm)
2026-09-07 21:03:56,177 [INFO] Matriz cacheada: /Users/henrylluptoncapunay/Documents/GitHub/Llupton_Henry_HW_02_202602/data/processed/routing_cache/costa/matrix_drive.parquet
2026-09-07 21:03:56,180 [INFO] costa/drive: grafo=osm, matriz=960 filas
2026-09-07 21:03:56,730 [INFO] Grafo cacheado cargado: /Users/henrylluptoncapunay/Documents/GitHub/Llupton_Henry_HW_02_202602/data/processed/routing_cache/costa/walk.graphml (osm)
2026-09-07 21:03:56,746 [INFO] Matriz cacheada: /Users/henrylluptoncapunay/Documents/GitHub/Llupton_Henry_HW_02_202602/data/processed/routing_cache/costa/matrix_walk.parquet
2026-09-07 21:03:56,747 [INFO] costa/walk: grafo=osm, matriz=960 filas
2026-09-07 21:03:57,223 [INFO] Grafo cacheado cargado: /Users/henrylluptoncapunay/Documents/GitHub/Llupton_Henry_HW_02_202602/data/processed/routing_cache/costa/bike.graphml (osm)
2026-09-07 21:03:57,238 [INFO] Matriz cacheada: /Users/henrylluptoncapunay/Documents/GitHub/Llupton_Henry_HW_02_202602/data/processed/routing_cache/costa/matrix_bike.parquet
2026-09-07 21:03:57,239 [INFO] costa/bike: grafo=osm, matriz=960 filas
2026-09-07 21:03:58,918 [INFO] === Departamento: andino ===
2026-09-07 21:03:58,918 [INFO] SKIP (sintético ya existe) para andino
2026-09-07 21:03:58,950 [INFO] andino: 192 demanda validos, 19 facilities validas, 5 resolutivas activas
2026-09-07 21:03:58,967 [INFO] Grafo cacheado cargado: /Users/henrylluptoncapunay/Documents/GitHub/Llupton_Henry_HW_02_202602/data/processed/routing_cache/andino/drive.graphml (synthetic)
2026-09-07 21:03:58,973 [INFO] Matriz cacheada: /Users/henrylluptoncapunay/Documents/GitHub/Llupton_Henry_HW_02_202602/data/processed/routing_cache/andino/matrix_drive.parquet
2026-09-07 21:03:58,975 [INFO] andino/drive: grafo=synthetic, matriz=960 filas
2026-09-07 21:03:58,992 [INFO] Grafo cacheado cargado: /Users/henrylluptoncapunay/Documents/GitHub/Llupton_Henry_HW_02_202602/data/processed/routing_cache/andino/walk.graphml (synthetic)
2026-09-07 21:03:58,998 [INFO] Matriz cacheada: /Users/henrylluptoncapunay/Documents/GitHub/Llupton_Henry_HW_02_202602/data/processed/routing_cache/andino/matrix_walk.parquet
2026-09-07 21:03:58,999 [INFO] andino/walk: grafo=synthetic, matriz=960 filas
2026-09-07 21:03:59,016 [INFO] Grafo cacheado cargado: /Users/henrylluptoncapunay/Documents/GitHub/Llupton_Henry_HW_02_202602/data/processed/routing_cache/andino/bike.graphml (synthetic)
2026-09-07 21:03:59,021 [INFO] Matriz cacheada: /Users/henrylluptoncapunay/Documents/GitHub/Llupton_Henry_HW_02_202602/data/processed/routing_cache/andino/matrix_bike.parquet
2026-09-07 21:03:59,023 [INFO] andino/bike: grafo=synthetic, matriz=960 filas
2026-09-07 21:03:59,035 [INFO] === Departamento: amazonico ===
2026-09-07 21:03:59,035 [INFO] SKIP (sintético ya existe) para amazonico
2026-09-07 21:03:59,066 [INFO] amazonico: 192 demanda validos, 19 facilities validas, 5 resolutivas activas
2026-09-07 21:03:59,085 [INFO] Grafo cacheado cargado: /Users/henrylluptoncapunay/Documents/GitHub/Llupton_Henry_HW_02_202602/data/processed/routing_cache/amazonico/drive.graphml (synthetic)
2026-09-07 21:03:59,091 [INFO] Matriz cacheada: /Users/henrylluptoncapunay/Documents/GitHub/Llupton_Henry_HW_02_202602/data/processed/routing_cache/amazonico/matrix_drive.parquet
2026-09-07 21:03:59,093 [INFO] amazonico/drive: grafo=synthetic, matriz=960 filas
2026-09-07 21:03:59,118 [INFO] Grafo cacheado cargado: /Users/henrylluptoncapunay/Documents/GitHub/Llupton_Henry_HW_02_202602/data/processed/routing_cache/amazonico/walk.graphml (synthetic)
2026-09-07 21:03:59,124 [INFO] Matriz cacheada: /Users/henrylluptoncapunay/Documents/GitHub/Llupton_Henry_HW_02_202602/data/processed/routing_cache/amazonico/matrix_walk.parquet
2026-09-07 21:03:59,125 [INFO] amazonico/walk: grafo=synthetic, matriz=960 filas
2026-09-07 21:03:59,141 [INFO] Grafo cacheado cargado: /Users/henrylluptoncapunay/Documents/GitHub/Llupton_Henry_HW_02_202602/data/processed/routing_cache/amazonico/bike.graphml (synthetic)
2026-09-07 21:03:59,147 [INFO] Matriz cacheada: /Users/henrylluptoncapunay/Documents/GitHub/Llupton_Henry_HW_02_202602/data/processed/routing_cache/amazonico/matrix_bike.parquet
2026-09-07 21:03:59,148 [INFO] amazonico/bike: grafo=synthetic, matriz=960 filas
2026-09-07 21:03:59,160 [INFO] Quality report: /Users/henrylluptoncapunay/Documents/GitHub/Llupton_Henry_HW_02_202602/data/outputs/quality_report.json
2026-09-07 21:03:59,254 [INFO] Métricas exportadas a /Users/henrylluptoncapunay/Documents/GitHub/Llupton_Henry_HW_02_202602/data/outputs
2026-09-07 21:03:59,254 [INFO] Pipeline completo.
2026-09-07 23:05:13,025 [INFO] === Departamento: costa ===
2026-09-07 23:05:13,088 [INFO] Sintético generado para costa: 200 demanda, 20 facilities
2026-09-07 23:05:13,181 [INFO] costa: 192 demanda validos, 19 facilities validas, 5 resolutivas activas
2026-09-07 23:06:13,850 [WARNING] Falló descarga OSM para costa/drive (HTTPSConnectionPool(host='overpass-api.de', port=443): Max retries exceeded with url: /api/interpreter (Caused by NewConnectionError("HTTPSConnection(host='overpass-api.de', port=443): Failed to establish a new connection: [Errno 61] Connection refused"))). Usando grafo sintético.
2026-09-07 23:06:13,933 [INFO] Matriz calculada y cacheada: /Users/henrylluptoncapunay/Documents/GitHub/Llupton_Henry_HW_02_202602/data/processed/routing_cache/costa/matrix_drive.parquet (960 filas)
2026-09-07 23:06:13,933 [INFO] costa/drive: grafo=synthetic, matriz=960 filas
2026-09-07 23:07:16,452 [WARNING] Falló descarga OSM para costa/walk (HTTPSConnectionPool(host='overpass-api.de', port=443): Max retries exceeded with url: /api/interpreter (Caused by NewConnectionError("HTTPSConnection(host='overpass-api.de', port=443): Failed to establish a new connection: [Errno 61] Connection refused"))). Usando grafo sintético.
2026-09-07 23:07:16,531 [INFO] Matriz calculada y cacheada: /Users/henrylluptoncapunay/Documents/GitHub/Llupton_Henry_HW_02_202602/data/processed/routing_cache/costa/matrix_walk.parquet (960 filas)
2026-09-07 23:07:16,531 [INFO] costa/walk: grafo=synthetic, matriz=960 filas
2026-09-07 23:08:21,067 [WARNING] Falló descarga OSM para costa/bike (HTTPSConnectionPool(host='overpass-api.de', port=443): Max retries exceeded with url: /api/interpreter (Caused by NewConnectionError("HTTPSConnection(host='overpass-api.de', port=443): Failed to establish a new connection: [Errno 61] Connection refused"))). Usando grafo sintético.
2026-09-07 23:08:21,141 [INFO] Matriz calculada y cacheada: /Users/henrylluptoncapunay/Documents/GitHub/Llupton_Henry_HW_02_202602/data/processed/routing_cache/costa/matrix_bike.parquet (960 filas)
2026-09-07 23:08:21,141 [INFO] costa/bike: grafo=synthetic, matriz=960 filas
2026-09-07 23:08:21,830 [INFO] === Departamento: andino ===
2026-09-07 23:08:21,839 [INFO] Sintético generado para andino: 200 demanda, 20 facilities
2026-09-07 23:08:21,874 [INFO] andino: 192 demanda validos, 19 facilities validas, 5 resolutivas activas
2026-09-07 23:09:22,633 [WARNING] Falló descarga OSM para andino/drive (HTTPSConnectionPool(host='overpass-api.de', port=443): Max retries exceeded with url: /api/interpreter (Caused by NewConnectionError("HTTPSConnection(host='overpass-api.de', port=443): Failed to establish a new connection: [Errno 61] Connection refused"))). Usando grafo sintético.
2026-09-07 23:09:22,705 [INFO] Matriz calculada y cacheada: /Users/henrylluptoncapunay/Documents/GitHub/Llupton_Henry_HW_02_202602/data/processed/routing_cache/andino/matrix_drive.parquet (960 filas)
2026-09-07 23:09:22,706 [INFO] andino/drive: grafo=synthetic, matriz=960 filas
2026-09-07 23:10:24,261 [WARNING] Falló descarga OSM para andino/walk (HTTPSConnectionPool(host='overpass-api.de', port=443): Max retries exceeded with url: /api/interpreter (Caused by NewConnectionError("HTTPSConnection(host='overpass-api.de', port=443): Failed to establish a new connection: [Errno 61] Connection refused"))). Usando grafo sintético.
2026-09-07 23:10:24,339 [INFO] Matriz calculada y cacheada: /Users/henrylluptoncapunay/Documents/GitHub/Llupton_Henry_HW_02_202602/data/processed/routing_cache/andino/matrix_walk.parquet (960 filas)
2026-09-07 23:10:24,340 [INFO] andino/walk: grafo=synthetic, matriz=960 filas
2026-09-07 23:11:25,886 [WARNING] Falló descarga OSM para andino/bike (HTTPSConnectionPool(host='overpass-api.de', port=443): Max retries exceeded with url: /api/interpreter (Caused by NewConnectionError("HTTPSConnection(host='overpass-api.de', port=443): Failed to establish a new connection: [Errno 61] Connection refused"))). Usando grafo sintético.
2026-09-07 23:11:25,971 [INFO] Matriz calculada y cacheada: /Users/henrylluptoncapunay/Documents/GitHub/Llupton_Henry_HW_02_202602/data/processed/routing_cache/andino/matrix_bike.parquet (960 filas)
2026-09-07 23:11:25,971 [INFO] andino/bike: grafo=synthetic, matriz=960 filas
2026-09-07 23:11:25,986 [INFO] === Departamento: amazonico ===
2026-09-07 23:11:25,995 [INFO] Sintético generado para amazonico: 200 demanda, 20 facilities
2026-09-07 23:11:26,031 [INFO] amazonico: 192 demanda validos, 19 facilities validas, 5 resolutivas activas
2026-09-07 23:12:26,866 [WARNING] Falló descarga OSM para amazonico/drive (HTTPSConnectionPool(host='overpass-api.de', port=443): Max retries exceeded with url: /api/interpreter (Caused by NewConnectionError("HTTPSConnection(host='overpass-api.de', port=443): Failed to establish a new connection: [Errno 61] Connection refused"))). Usando grafo sintético.
2026-09-07 23:12:26,971 [INFO] Matriz calculada y cacheada: /Users/henrylluptoncapunay/Documents/GitHub/Llupton_Henry_HW_02_202602/data/processed/routing_cache/amazonico/matrix_drive.parquet (960 filas)
2026-09-07 23:12:26,971 [INFO] amazonico/drive: grafo=synthetic, matriz=960 filas
2026-09-07 23:13:29,930 [WARNING] Falló descarga OSM para amazonico/walk (HTTPSConnectionPool(host='overpass-api.de', port=443): Max retries exceeded with url: /api/interpreter (Caused by NewConnectionError("HTTPSConnection(host='overpass-api.de', port=443): Failed to establish a new connection: [Errno 61] Connection refused"))). Usando grafo sintético.
2026-09-07 23:13:30,002 [INFO] Matriz calculada y cacheada: /Users/henrylluptoncapunay/Documents/GitHub/Llupton_Henry_HW_02_202602/data/processed/routing_cache/amazonico/matrix_walk.parquet (960 filas)
2026-09-07 23:13:30,002 [INFO] amazonico/walk: grafo=synthetic, matriz=960 filas
2026-09-07 23:14:30,822 [WARNING] Falló descarga OSM para amazonico/bike (HTTPSConnectionPool(host='overpass-api.de', port=443): Max retries exceeded with url: /api/interpreter (Caused by NewConnectionError("HTTPSConnection(host='overpass-api.de', port=443): Failed to establish a new connection: [Errno 61] Connection refused"))). Usando grafo sintético.
2026-09-07 23:14:30,894 [INFO] Matriz calculada y cacheada: /Users/henrylluptoncapunay/Documents/GitHub/Llupton_Henry_HW_02_202602/data/processed/routing_cache/amazonico/matrix_bike.parquet (960 filas)
2026-09-07 23:14:30,894 [INFO] amazonico/bike: grafo=synthetic, matriz=960 filas
2026-09-07 23:14:30,908 [INFO] Quality report: /Users/henrylluptoncapunay/Documents/GitHub/Llupton_Henry_HW_02_202602/data/outputs/quality_report.json
2026-09-07 23:14:30,993 [INFO] Métricas exportadas a /Users/henrylluptoncapunay/Documents/GitHub/Llupton_Henry_HW_02_202602/data/outputs
2026-09-07 23:14:30,994 [INFO] Pipeline completo.
2026-09-08 06:47:04,651 [INFO] SKIP (ya existe): /Users/henrylluptoncapunay/Documents/GitHub/Llupton_Henry_HW_02_202602/data/raw/renipress.csv
2026-09-08 06:47:04,651 [INFO] SKIP (ya existe): /Users/henrylluptoncapunay/Documents/GitHub/Llupton_Henry_HW_02_202602/data/raw/centros_poblados_ign.zip
2026-09-08 06:47:04,651 [INFO] SKIP (ya existe): /Users/henrylluptoncapunay/Documents/GitHub/Llupton_Henry_HW_02_202602/data/raw/poblacion_reniec.csv
2026-09-08 06:47:04,651 [INFO] === Departamento: costa ===
2026-09-08 06:47:04,867 [INFO] RENIPRESS real cargado para costa: 118 facilities
2026-09-08 06:47:05,732 [INFO] Centros poblados IGN cargados para costa: 329 puntos
2026-09-08 06:47:06,525 [WARNING] 45/329 centros poblados sin match de distrito en RENIEC (nombre no coincide) -> poblacion=0
2026-09-08 06:47:06,578 [INFO] Real cargado para costa: 329 demanda ({'muestreado': False, 'n_original': 329, 'n_final': 329}), 118 facilities
2026-09-08 06:47:06,714 [INFO] costa: 156 demanda validos, 110 facilities validas, 3 resolutivas activas
2026-09-08 06:47:07,154 [INFO] Grafo cacheado cargado: /Users/henrylluptoncapunay/Documents/GitHub/Llupton_Henry_HW_02_202602/data/processed/routing_cache/costa/drive.graphml (synthetic)
2026-09-08 06:47:07,169 [INFO] Matriz calculada y cacheada: /Users/henrylluptoncapunay/Documents/GitHub/Llupton_Henry_HW_02_202602/data/processed/routing_cache/costa/real/matrix_drive.parquet (468 filas)
2026-09-08 06:47:07,169 [INFO] costa/drive: grafo=synthetic, matriz=468 filas
2026-09-08 06:47:07,188 [INFO] Grafo cacheado cargado: /Users/henrylluptoncapunay/Documents/GitHub/Llupton_Henry_HW_02_202602/data/processed/routing_cache/costa/walk.graphml (synthetic)
2026-09-08 06:47:07,199 [INFO] Matriz calculada y cacheada: /Users/henrylluptoncapunay/Documents/GitHub/Llupton_Henry_HW_02_202602/data/processed/routing_cache/costa/real/matrix_walk.parquet (468 filas)
2026-09-08 06:47:07,199 [INFO] costa/walk: grafo=synthetic, matriz=468 filas
2026-09-08 06:47:07,216 [INFO] Grafo cacheado cargado: /Users/henrylluptoncapunay/Documents/GitHub/Llupton_Henry_HW_02_202602/data/processed/routing_cache/costa/bike.graphml (synthetic)
2026-09-08 06:47:07,227 [INFO] Matriz calculada y cacheada: /Users/henrylluptoncapunay/Documents/GitHub/Llupton_Henry_HW_02_202602/data/processed/routing_cache/costa/real/matrix_bike.parquet (468 filas)
2026-09-08 06:47:07,228 [INFO] costa/bike: grafo=synthetic, matriz=468 filas
2026-09-08 06:47:07,868 [INFO] === Departamento: andino ===
2026-09-08 06:47:08,048 [INFO] RENIPRESS real cargado para andino: 497 facilities
2026-09-08 06:47:08,733 [INFO] Centros poblados IGN cargados para andino: 8207 puntos
2026-09-08 06:47:09,512 [WARNING] 1781/8207 centros poblados sin match de distrito en RENIEC (nombre no coincide) -> poblacion=0
2026-09-08 06:48:27,226 [INFO] OK descarga: http://datos.susalud.gob.pe/sites/default/files/RENIPRESS_2026_v6.csv -> /Users/henrylluptoncapunay/Documents/GitHub/Llupton_Henry_HW_02_202602/data/raw/renipress.csv (17685986 bytes)
2026-09-08 06:48:37,046 [INFO] OK descarga: https://www.datosabiertos.gob.pe/sites/default/files/CCPP_0.zip -> /Users/henrylluptoncapunay/Documents/GitHub/Llupton_Henry_HW_02_202602/data/raw/centros_poblados_ign.zip (6019493 bytes)
2026-09-08 06:48:37,144 [INFO] Descomprimido: /Users/henrylluptoncapunay/Documents/GitHub/Llupton_Henry_HW_02_202602/data/raw/centros_poblados_ign
2026-09-08 06:48:52,879 [INFO] OK descarga: https://www.datosabiertos.gob.pe/sites/default/files/BD_DAbiertos_16_OPP_2026_06.01.csv -> /Users/henrylluptoncapunay/Documents/GitHub/Llupton_Henry_HW_02_202602/data/raw/poblacion_reniec.csv (68350255 bytes)
2026-09-08 06:48:52,881 [INFO] === Departamento: costa ===
2026-09-08 06:48:53,126 [INFO] RENIPRESS real cargado para costa: 118 facilities
2026-09-08 06:48:53,965 [INFO] Centros poblados IGN cargados para costa: 329 puntos
2026-09-08 06:48:55,054 [WARNING] 40/329 centros poblados sin match de distrito en RENIEC (nombre no coincide) -> poblacion=0
2026-09-08 06:48:55,097 [INFO] Real cargado para costa: 329 demanda ({'muestreado': False, 'n_original': 329, 'n_final': 329}), 118 facilities
2026-09-08 06:48:55,185 [INFO] costa: 156 demanda validos, 110 facilities validas, 3 resolutivas activas
2026-09-08 06:49:20,119 [WARNING] Falló descarga OSM para costa/drive (HTTPSConnectionPool(host='overpass-api.de', port=443): Read timed out. (read timeout=10)). Usando grafo sintético.
2026-09-08 06:49:20,193 [INFO] Matriz calculada y cacheada: /Users/henrylluptoncapunay/Documents/GitHub/Llupton_Henry_HW_02_202602/data/processed/routing_cache/costa/real/matrix_drive.parquet (468 filas)
2026-09-08 06:49:20,193 [INFO] costa/drive: grafo=synthetic, matriz=468 filas
2026-09-08 06:50:12,320 [WARNING] Falló descarga OSM para costa/walk (HTTPSConnectionPool(host='overpass-api.de', port=443): Read timed out. (read timeout=10)). Usando grafo sintético.
2026-09-08 06:50:12,401 [INFO] Matriz calculada y cacheada: /Users/henrylluptoncapunay/Documents/GitHub/Llupton_Henry_HW_02_202602/data/processed/routing_cache/costa/real/matrix_walk.parquet (468 filas)
2026-09-08 06:50:12,401 [INFO] costa/walk: grafo=synthetic, matriz=468 filas
2026-09-08 06:51:06,211 [INFO] Matriz calculada y cacheada: /Users/henrylluptoncapunay/Documents/GitHub/Llupton_Henry_HW_02_202602/data/processed/routing_cache/costa/real/matrix_bike.parquet (468 filas)
2026-09-08 06:51:06,212 [INFO] costa/bike: grafo=osm, matriz=468 filas
2026-09-08 06:51:06,807 [INFO] === Departamento: andino ===
2026-09-08 06:51:07,001 [INFO] RENIPRESS real cargado para andino: 497 facilities
2026-09-08 06:51:07,725 [INFO] Centros poblados IGN cargados para andino: 8207 puntos
2026-09-08 06:51:08,844 [WARNING] 146/8207 centros poblados sin match de distrito en RENIEC (nombre no coincide) -> poblacion=0
2026-09-08 06:51:08,878 [INFO] Muestreo aplicado: 8207 -> 1673 puntos (estratificado por distrito, fracción 0.203, seed 42)
2026-09-08 06:51:08,885 [INFO] Real cargado para andino: 1673 demanda ({'muestreado': True, 'n_original': 8207, 'n_final': 1673, 'estrategia': 'estratificado por distrito, fracción 0.203, seed 42'}), 497 facilities
2026-09-08 06:51:08,942 [INFO] andino: 662 demanda validos, 473 facilities validas, 5 resolutivas activas
2026-09-08 06:54:33,625 [WARNING] Falló descarga OSM para andino/drive (HTTPSConnectionPool(host='overpass-api.de', port=443): Read timed out.). Usando grafo sintético.
2026-09-08 06:54:33,797 [INFO] Matriz calculada y cacheada: /Users/henrylluptoncapunay/Documents/GitHub/Llupton_Henry_HW_02_202602/data/processed/routing_cache/andino/real/matrix_drive.parquet (3310 filas)
2026-09-08 06:54:33,797 [INFO] andino/drive: grafo=synthetic, matriz=3310 filas
2026-09-08 06:55:46,649 [WARNING] Falló descarga OSM para andino/walk (HTTPSConnectionPool(host='overpass-api.de', port=443): Read timed out. (read timeout=10)). Usando grafo sintético.
2026-09-08 06:55:46,748 [INFO] Matriz calculada y cacheada: /Users/henrylluptoncapunay/Documents/GitHub/Llupton_Henry_HW_02_202602/data/processed/routing_cache/andino/real/matrix_walk.parquet (3310 filas)
2026-09-08 06:55:46,748 [INFO] andino/walk: grafo=synthetic, matriz=3310 filas
2026-09-08 06:57:55,495 [WARNING] Falló descarga OSM para andino/bike (HTTPSConnectionPool(host='overpass-api.de', port=443): Max retries exceeded with url: /api/interpreter (Caused by NewConnectionError("HTTPSConnection(host='overpass-api.de', port=443): Failed to establish a new connection: [Errno 61] Connection refused"))). Usando grafo sintético.
2026-09-08 06:57:55,639 [INFO] Matriz calculada y cacheada: /Users/henrylluptoncapunay/Documents/GitHub/Llupton_Henry_HW_02_202602/data/processed/routing_cache/andino/real/matrix_bike.parquet (3310 filas)
2026-09-08 06:57:55,639 [INFO] andino/bike: grafo=synthetic, matriz=3310 filas
2026-09-08 06:57:55,652 [INFO] === Departamento: amazonico ===
2026-09-08 06:57:55,857 [INFO] RENIPRESS real cargado para amazonico: 241 facilities
2026-09-08 06:57:56,538 [INFO] Centros poblados IGN cargados para amazonico: 368 puntos
2026-09-08 06:57:57,641 [WARNING] 17/368 centros poblados sin match de distrito en RENIEC (nombre no coincide) -> poblacion=0
2026-09-08 06:57:57,645 [INFO] Real cargado para amazonico: 368 demanda ({'muestreado': False, 'n_original': 368, 'n_final': 368}), 241 facilities
2026-09-08 06:57:57,686 [INFO] amazonico: 199 demanda validos, 217 facilities validas, 2 resolutivas activas
2026-09-08 06:58:59,295 [WARNING] Falló descarga OSM para amazonico/drive (HTTPSConnectionPool(host='overpass-api.de', port=443): Max retries exceeded with url: /api/interpreter (Caused by NewConnectionError("HTTPSConnection(host='overpass-api.de', port=443): Failed to establish a new connection: [Errno 61] Connection refused"))). Usando grafo sintético.
2026-09-08 06:58:59,376 [INFO] Matriz calculada y cacheada: /Users/henrylluptoncapunay/Documents/GitHub/Llupton_Henry_HW_02_202602/data/processed/routing_cache/amazonico/real/matrix_drive.parquet (398 filas)
2026-09-08 06:58:59,377 [INFO] amazonico/drive: grafo=synthetic, matriz=398 filas
2026-09-08 07:00:03,981 [WARNING] Falló descarga OSM para amazonico/walk (HTTPSConnectionPool(host='overpass-api.de', port=443): Max retries exceeded with url: /api/interpreter (Caused by NewConnectionError("HTTPSConnection(host='overpass-api.de', port=443): Failed to establish a new connection: [Errno 61] Connection refused"))). Usando grafo sintético.
2026-09-08 07:00:04,065 [INFO] Matriz calculada y cacheada: /Users/henrylluptoncapunay/Documents/GitHub/Llupton_Henry_HW_02_202602/data/processed/routing_cache/amazonico/real/matrix_walk.parquet (398 filas)
2026-09-08 07:00:04,065 [INFO] amazonico/walk: grafo=synthetic, matriz=398 filas
2026-09-08 07:01:09,899 [WARNING] Falló descarga OSM para amazonico/bike (HTTPSConnectionPool(host='overpass-api.de', port=443): Max retries exceeded with url: /api/interpreter (Caused by NewConnectionError("HTTPSConnection(host='overpass-api.de', port=443): Failed to establish a new connection: [Errno 61] Connection refused"))). Usando grafo sintético.
2026-09-08 07:01:09,972 [INFO] Matriz calculada y cacheada: /Users/henrylluptoncapunay/Documents/GitHub/Llupton_Henry_HW_02_202602/data/processed/routing_cache/amazonico/real/matrix_bike.parquet (398 filas)
2026-09-08 07:01:09,972 [INFO] amazonico/bike: grafo=synthetic, matriz=398 filas
2026-09-08 07:01:09,992 [INFO] Quality report: /Users/henrylluptoncapunay/Documents/GitHub/Llupton_Henry_HW_02_202602/data/outputs/quality_report.json
2026-09-08 07:01:10,183 [INFO] Métricas exportadas a /Users/henrylluptoncapunay/Documents/GitHub/Llupton_Henry_HW_02_202602/data/outputs
2026-09-08 07:01:10,183 [INFO] Pipeline completo.
2026-09-08 07:03:04,261 [INFO] OK descarga: http://datos.susalud.gob.pe/sites/default/files/RENIPRESS_2026_v6.csv -> /Users/henrylluptoncapunay/Documents/GitHub/Llupton_Henry_HW_02_202602/data/raw/renipress.csv (17685986 bytes)
2026-09-08 07:03:11,680 [INFO] OK descarga: https://www.datosabiertos.gob.pe/sites/default/files/CCPP_0.zip -> /Users/henrylluptoncapunay/Documents/GitHub/Llupton_Henry_HW_02_202602/data/raw/centros_poblados_ign.zip (6019493 bytes)
2026-09-08 07:03:11,783 [INFO] Descomprimido: /Users/henrylluptoncapunay/Documents/GitHub/Llupton_Henry_HW_02_202602/data/raw/centros_poblados_ign
2026-09-08 07:05:00,554 [INFO] OK descarga: https://www.datosabiertos.gob.pe/sites/default/files/BD_DAbiertos_16_OPP_2026_06.01.csv -> /Users/henrylluptoncapunay/Documents/GitHub/Llupton_Henry_HW_02_202602/data/raw/poblacion_reniec.csv (68350255 bytes)
2026-09-08 07:05:00,561 [INFO] === Departamento: costa ===
2026-09-08 07:05:00,825 [INFO] RENIPRESS real cargado para costa: 118 facilities
2026-09-08 07:05:01,673 [INFO] Centros poblados IGN cargados para costa: 329 puntos
2026-09-08 07:05:02,761 [WARNING] 40/329 centros poblados sin match de distrito en RENIEC (nombre no coincide) -> poblacion=0
2026-09-08 07:05:02,803 [INFO] Real cargado para costa: 329 demanda ({'muestreado': False, 'n_original': 329, 'n_final': 329}), 118 facilities
2026-09-08 07:05:02,908 [INFO] costa: 329 demanda validos, 110 facilities validas, 3 resolutivas activas
2026-09-08 07:05:08,833 [INFO] Matriz calculada y cacheada: /Users/henrylluptoncapunay/Documents/GitHub/Llupton_Henry_HW_02_202602/data/processed/routing_cache/costa/real/matrix_drive.parquet (987 filas)
2026-09-08 07:05:08,835 [INFO] costa/drive: grafo=osm, matriz=987 filas
2026-09-08 07:06:13,478 [WARNING] Falló descarga OSM para costa/walk (HTTPSConnectionPool(host='overpass-api.de', port=443): Max retries exceeded with url: /api/interpreter (Caused by NewConnectionError("HTTPSConnection(host='overpass-api.de', port=443): Failed to establish a new connection: [Errno 61] Connection refused"))). Usando grafo sintético.
2026-09-08 07:06:13,577 [INFO] Matriz calculada y cacheada: /Users/henrylluptoncapunay/Documents/GitHub/Llupton_Henry_HW_02_202602/data/processed/routing_cache/costa/real/matrix_walk.parquet (987 filas)
2026-09-08 07:06:13,577 [INFO] costa/walk: grafo=synthetic, matriz=987 filas
2026-09-08 07:06:19,090 [INFO] Matriz calculada y cacheada: /Users/henrylluptoncapunay/Documents/GitHub/Llupton_Henry_HW_02_202602/data/processed/routing_cache/costa/real/matrix_bike.parquet (987 filas)
2026-09-08 07:06:19,090 [INFO] costa/bike: grafo=osm, matriz=987 filas
2026-09-08 07:06:20,081 [INFO] === Departamento: andino ===
2026-09-08 07:06:20,265 [INFO] RENIPRESS real cargado para andino: 497 facilities
2026-09-08 07:06:21,014 [INFO] Centros poblados IGN cargados para andino: 8207 puntos
2026-09-08 07:06:22,242 [WARNING] 146/8207 centros poblados sin match de distrito en RENIEC (nombre no coincide) -> poblacion=0
2026-09-08 07:06:22,276 [INFO] Muestreo aplicado: 8207 -> 1673 puntos (estratificado por distrito, fracción 0.203, seed 42)
2026-09-08 07:06:22,283 [INFO] Real cargado para andino: 1673 demanda ({'muestreado': True, 'n_original': 8207, 'n_final': 1673, 'estrategia': 'estratificado por distrito, fracción 0.203, seed 42'}), 497 facilities
2026-09-08 07:06:22,341 [INFO] andino: 1673 demanda validos, 473 facilities validas, 5 resolutivas activas
2026-09-08 07:07:34,009 [WARNING] Falló descarga OSM para andino/drive (HTTPSConnectionPool(host='overpass-api.de', port=443): Max retries exceeded with url: /api/interpreter (Caused by ConnectTimeoutError(<HTTPSConnection(host='overpass-api.de', port=443) at 0x130e0f250>, 'Connection to overpass-api.de timed out. (connect timeout=10)'))). Usando grafo sintético.
2026-09-08 07:07:34,316 [INFO] Matriz calculada y cacheada: /Users/henrylluptoncapunay/Documents/GitHub/Llupton_Henry_HW_02_202602/data/processed/routing_cache/andino/real/matrix_drive.parquet (8365 filas)
2026-09-08 07:07:34,316 [INFO] andino/drive: grafo=synthetic, matriz=8365 filas
2026-09-08 07:08:37,604 [WARNING] Falló descarga OSM para andino/walk (HTTPSConnectionPool(host='overpass-api.de', port=443): Max retries exceeded with url: /api/interpreter (Caused by NewConnectionError("HTTPSConnection(host='overpass-api.de', port=443): Failed to establish a new connection: [Errno 61] Connection refused"))). Usando grafo sintético.
2026-09-08 07:08:37,790 [INFO] Matriz calculada y cacheada: /Users/henrylluptoncapunay/Documents/GitHub/Llupton_Henry_HW_02_202602/data/processed/routing_cache/andino/real/matrix_walk.parquet (8365 filas)
2026-09-08 07:08:37,790 [INFO] andino/walk: grafo=synthetic, matriz=8365 filas
2026-09-08 07:09:44,343 [WARNING] Falló descarga OSM para andino/bike (HTTPSConnectionPool(host='overpass-api.de', port=443): Max retries exceeded with url: /api/interpreter (Caused by NewConnectionError("HTTPSConnection(host='overpass-api.de', port=443): Failed to establish a new connection: [Errno 61] Connection refused"))). Usando grafo sintético.
2026-09-08 07:09:44,550 [INFO] Matriz calculada y cacheada: /Users/henrylluptoncapunay/Documents/GitHub/Llupton_Henry_HW_02_202602/data/processed/routing_cache/andino/real/matrix_bike.parquet (8365 filas)
2026-09-08 07:09:44,550 [INFO] andino/bike: grafo=synthetic, matriz=8365 filas
2026-09-08 07:09:44,571 [INFO] === Departamento: amazonico ===
2026-09-08 07:09:44,764 [INFO] RENIPRESS real cargado para amazonico: 241 facilities
2026-09-08 07:09:45,482 [INFO] Centros poblados IGN cargados para amazonico: 368 puntos
2026-09-08 07:09:46,676 [WARNING] 17/368 centros poblados sin match de distrito en RENIEC (nombre no coincide) -> poblacion=0
2026-09-08 07:09:46,682 [INFO] Real cargado para amazonico: 368 demanda ({'muestreado': False, 'n_original': 368, 'n_final': 368}), 241 facilities
2026-09-08 07:09:46,725 [INFO] amazonico: 368 demanda validos, 217 facilities validas, 2 resolutivas activas
2026-09-08 07:10:48,368 [WARNING] Falló descarga OSM para amazonico/drive (HTTPSConnectionPool(host='overpass-api.de', port=443): Max retries exceeded with url: /api/interpreter (Caused by NewConnectionError("HTTPSConnection(host='overpass-api.de', port=443): Failed to establish a new connection: [Errno 61] Connection refused"))). Usando grafo sintético.
2026-09-08 07:10:48,454 [INFO] Matriz calculada y cacheada: /Users/henrylluptoncapunay/Documents/GitHub/Llupton_Henry_HW_02_202602/data/processed/routing_cache/amazonico/real/matrix_drive.parquet (736 filas)
2026-09-08 07:10:48,454 [INFO] amazonico/drive: grafo=synthetic, matriz=736 filas
2026-09-08 07:11:49,057 [WARNING] Falló descarga OSM para amazonico/walk (HTTPSConnectionPool(host='overpass-api.de', port=443): Max retries exceeded with url: /api/interpreter (Caused by NewConnectionError("HTTPSConnection(host='overpass-api.de', port=443): Failed to establish a new connection: [Errno 61] Connection refused"))). Usando grafo sintético.
2026-09-08 07:11:49,141 [INFO] Matriz calculada y cacheada: /Users/henrylluptoncapunay/Documents/GitHub/Llupton_Henry_HW_02_202602/data/processed/routing_cache/amazonico/real/matrix_walk.parquet (736 filas)
2026-09-08 07:11:49,141 [INFO] amazonico/walk: grafo=synthetic, matriz=736 filas
2026-09-08 07:12:51,952 [WARNING] Falló descarga OSM para amazonico/bike (HTTPSConnectionPool(host='overpass-api.de', port=443): Max retries exceeded with url: /api/interpreter (Caused by NewConnectionError("HTTPSConnection(host='overpass-api.de', port=443): Failed to establish a new connection: [Errno 61] Connection refused"))). Usando grafo sintético.
2026-09-08 07:12:52,044 [INFO] Matriz calculada y cacheada: /Users/henrylluptoncapunay/Documents/GitHub/Llupton_Henry_HW_02_202602/data/processed/routing_cache/amazonico/real/matrix_bike.parquet (736 filas)
2026-09-08 07:12:52,044 [INFO] amazonico/bike: grafo=synthetic, matriz=736 filas
2026-09-08 07:12:52,056 [INFO] Quality report: /Users/henrylluptoncapunay/Documents/GitHub/Llupton_Henry_HW_02_202602/data/outputs/quality_report.json
2026-09-08 07:12:52,198 [INFO] Métricas exportadas a /Users/henrylluptoncapunay/Documents/GitHub/Llupton_Henry_HW_02_202602/data/outputs
2026-09-08 07:12:52,198 [INFO] Pipeline completo.
2026-09-08 08:10:14,394 [INFO] OK descarga: http://datos.susalud.gob.pe/sites/default/files/RENIPRESS_2026_v6.csv -> /Users/henrylluptoncapunay/Documents/GitHub/Llupton_Henry_HW_02_202602/data/raw/renipress.csv (17685986 bytes)
2026-09-08 08:10:18,480 [INFO] OK descarga: https://www.datosabiertos.gob.pe/sites/default/files/CCPP_0.zip -> /Users/henrylluptoncapunay/Documents/GitHub/Llupton_Henry_HW_02_202602/data/raw/centros_poblados_ign.zip (6019493 bytes)
2026-09-08 08:10:18,584 [INFO] Descomprimido: /Users/henrylluptoncapunay/Documents/GitHub/Llupton_Henry_HW_02_202602/data/raw/centros_poblados_ign
2026-09-08 08:11:13,881 [INFO] OK descarga: https://www.datosabiertos.gob.pe/sites/default/files/BD_DAbiertos_16_OPP_2026_06.01.csv -> /Users/henrylluptoncapunay/Documents/GitHub/Llupton_Henry_HW_02_202602/data/raw/poblacion_reniec.csv (68350255 bytes)
2026-09-08 08:11:13,883 [INFO] === Departamento: costa ===
2026-09-08 08:11:14,192 [INFO] RENIPRESS real cargado para costa: 118 facilities
2026-09-08 08:11:15,079 [INFO] Centros poblados IGN cargados para costa: 329 puntos
2026-09-08 08:11:16,174 [WARNING] 40/329 centros poblados sin match de distrito en RENIEC (nombre no coincide) -> poblacion=0
2026-09-08 08:11:16,216 [INFO] Real cargado para costa: 329 demanda ({'muestreado': False, 'n_original': 329, 'n_final': 329}), 118 facilities
2026-09-08 08:11:16,330 [INFO] costa: 329 demanda validos, 110 facilities validas, 3 resolutivas activas
2026-09-08 08:11:22,231 [INFO] Matriz calculada y cacheada: /Users/henrylluptoncapunay/Documents/GitHub/Llupton_Henry_HW_02_202602/data/processed/routing_cache/costa/real/matrix_drive.parquet (987 filas)
2026-09-08 08:11:22,232 [INFO] costa/drive: grafo=osm, matriz=987 filas
2026-09-08 08:12:24,441 [WARNING] Falló descarga OSM para costa/walk (HTTPSConnectionPool(host='overpass-api.de', port=443): Max retries exceeded with url: /api/interpreter (Caused by NewConnectionError("HTTPSConnection(host='overpass-api.de', port=443): Failed to establish a new connection: [Errno 61] Connection refused"))). Usando grafo sintético.
2026-09-08 08:12:24,536 [INFO] Matriz calculada y cacheada: /Users/henrylluptoncapunay/Documents/GitHub/Llupton_Henry_HW_02_202602/data/processed/routing_cache/costa/real/matrix_walk.parquet (987 filas)
2026-09-08 08:12:24,536 [INFO] costa/walk: grafo=synthetic, matriz=987 filas
2026-09-08 08:12:29,950 [INFO] Matriz calculada y cacheada: /Users/henrylluptoncapunay/Documents/GitHub/Llupton_Henry_HW_02_202602/data/processed/routing_cache/costa/real/matrix_bike.parquet (987 filas)
2026-09-08 08:12:29,951 [INFO] costa/bike: grafo=osm, matriz=987 filas
2026-09-08 08:12:31,008 [INFO] === Departamento: andino ===
2026-09-08 08:12:31,209 [INFO] RENIPRESS real cargado para andino: 497 facilities
2026-09-08 08:12:32,026 [INFO] Centros poblados IGN cargados para andino: 8207 puntos
2026-09-08 08:12:33,199 [WARNING] 146/8207 centros poblados sin match de distrito en RENIEC (nombre no coincide) -> poblacion=0
2026-09-08 08:12:33,233 [INFO] Muestreo aplicado: 8207 -> 1673 puntos (estratificado por distrito, fracción 0.203, seed 42)
2026-09-08 08:12:33,240 [INFO] Real cargado para andino: 1673 demanda ({'muestreado': True, 'n_original': 8207, 'n_final': 1673, 'estrategia': 'estratificado por distrito, fracción 0.203, seed 42'}), 497 facilities
2026-09-08 08:12:33,302 [INFO] andino: 1673 demanda validos, 473 facilities validas, 5 resolutivas activas
2026-09-08 08:13:34,213 [WARNING] Falló descarga OSM para andino/drive (HTTPSConnectionPool(host='overpass-api.de', port=443): Max retries exceeded with url: /api/interpreter (Caused by NewConnectionError("HTTPSConnection(host='overpass-api.de', port=443): Failed to establish a new connection: [Errno 61] Connection refused"))). Usando grafo sintético.
2026-09-08 08:13:34,371 [INFO] Matriz calculada y cacheada: /Users/henrylluptoncapunay/Documents/GitHub/Llupton_Henry_HW_02_202602/data/processed/routing_cache/andino/real/matrix_drive.parquet (8365 filas)
2026-09-08 08:13:34,372 [INFO] andino/drive: grafo=synthetic, matriz=8365 filas
2026-09-08 08:14:35,966 [WARNING] Falló descarga OSM para andino/walk (HTTPSConnectionPool(host='overpass-api.de', port=443): Max retries exceeded with url: /api/interpreter (Caused by NewConnectionError("HTTPSConnection(host='overpass-api.de', port=443): Failed to establish a new connection: [Errno 61] Connection refused"))). Usando grafo sintético.
2026-09-08 08:14:36,065 [INFO] Matriz calculada y cacheada: /Users/henrylluptoncapunay/Documents/GitHub/Llupton_Henry_HW_02_202602/data/processed/routing_cache/andino/real/matrix_walk.parquet (8365 filas)
2026-09-08 08:14:36,066 [INFO] andino/walk: grafo=synthetic, matriz=8365 filas
2026-09-08 08:15:46,715 [WARNING] Falló descarga OSM para andino/bike (HTTPSConnectionPool(host='overpass-api.de', port=443): Max retries exceeded with url: /api/interpreter (Caused by NewConnectionError("HTTPSConnection(host='overpass-api.de', port=443): Failed to establish a new connection: [Errno 61] Connection refused"))). Usando grafo sintético.
2026-09-08 08:15:46,847 [INFO] Matriz calculada y cacheada: /Users/henrylluptoncapunay/Documents/GitHub/Llupton_Henry_HW_02_202602/data/processed/routing_cache/andino/real/matrix_bike.parquet (8365 filas)
2026-09-08 08:15:46,848 [INFO] andino/bike: grafo=synthetic, matriz=8365 filas
2026-09-08 08:15:46,864 [INFO] === Departamento: amazonico ===
2026-09-08 08:15:47,041 [INFO] RENIPRESS real cargado para amazonico: 241 facilities
2026-09-08 08:15:47,726 [INFO] Centros poblados IGN cargados para amazonico: 368 puntos
2026-09-08 08:15:48,814 [WARNING] 17/368 centros poblados sin match de distrito en RENIEC (nombre no coincide) -> poblacion=0
2026-09-08 08:15:48,819 [INFO] Real cargado para amazonico: 368 demanda ({'muestreado': False, 'n_original': 368, 'n_final': 368}), 241 facilities
2026-09-08 08:15:48,859 [INFO] amazonico: 368 demanda validos, 217 facilities validas, 2 resolutivas activas
2026-09-08 08:16:50,561 [WARNING] Falló descarga OSM para amazonico/drive (HTTPSConnectionPool(host='overpass-api.de', port=443): Max retries exceeded with url: /api/interpreter (Caused by NewConnectionError("HTTPSConnection(host='overpass-api.de', port=443): Failed to establish a new connection: [Errno 61] Connection refused"))). Usando grafo sintético.
2026-09-08 08:16:50,647 [INFO] Matriz calculada y cacheada: /Users/henrylluptoncapunay/Documents/GitHub/Llupton_Henry_HW_02_202602/data/processed/routing_cache/amazonico/real/matrix_drive.parquet (736 filas)
2026-09-08 08:16:50,647 [INFO] amazonico/drive: grafo=synthetic, matriz=736 filas
2026-09-08 08:17:53,220 [WARNING] Falló descarga OSM para amazonico/walk (HTTPSConnectionPool(host='overpass-api.de', port=443): Max retries exceeded with url: /api/interpreter (Caused by NewConnectionError("HTTPSConnection(host='overpass-api.de', port=443): Failed to establish a new connection: [Errno 61] Connection refused"))). Usando grafo sintético.
2026-09-08 08:17:53,301 [INFO] Matriz calculada y cacheada: /Users/henrylluptoncapunay/Documents/GitHub/Llupton_Henry_HW_02_202602/data/processed/routing_cache/amazonico/real/matrix_walk.parquet (736 filas)
2026-09-08 08:17:53,301 [INFO] amazonico/walk: grafo=synthetic, matriz=736 filas
2026-09-08 08:18:54,037 [WARNING] Falló descarga OSM para amazonico/bike (HTTPSConnectionPool(host='overpass-api.de', port=443): Max retries exceeded with url: /api/interpreter (Caused by NewConnectionError("HTTPSConnection(host='overpass-api.de', port=443): Failed to establish a new connection: [Errno 61] Connection refused"))). Usando grafo sintético.
2026-09-08 08:18:54,108 [INFO] Matriz calculada y cacheada: /Users/henrylluptoncapunay/Documents/GitHub/Llupton_Henry_HW_02_202602/data/processed/routing_cache/amazonico/real/matrix_bike.parquet (736 filas)
2026-09-08 08:18:54,108 [INFO] amazonico/bike: grafo=synthetic, matriz=736 filas
2026-09-08 08:18:54,121 [INFO] Quality report: /Users/henrylluptoncapunay/Documents/GitHub/Llupton_Henry_HW_02_202602/data/outputs/quality_report.json
2026-09-08 08:18:54,272 [INFO] Métricas exportadas a /Users/henrylluptoncapunay/Documents/GitHub/Llupton_Henry_HW_02_202602/data/outputs
2026-09-08 08:18:54,272 [INFO] Pipeline completo.
2026-09-08 15:38:17,860 [INFO] OK descarga: http://datos.susalud.gob.pe/sites/default/files/RENIPRESS_2026_v6.csv -> /Users/henrylluptoncapunay/Documents/GitHub/Llupton_Henry_HW_02_202602/data/raw/renipress.csv (17685986 bytes)
2026-09-08 15:38:19,600 [INFO] OK descarga: https://www.datosabiertos.gob.pe/sites/default/files/CCPP_0.zip -> /Users/henrylluptoncapunay/Documents/GitHub/Llupton_Henry_HW_02_202602/data/raw/centros_poblados_ign.zip (6019493 bytes)
2026-09-08 15:38:19,696 [INFO] Descomprimido: /Users/henrylluptoncapunay/Documents/GitHub/Llupton_Henry_HW_02_202602/data/raw/centros_poblados_ign
2026-09-08 15:38:36,460 [INFO] OK descarga: https://www.datosabiertos.gob.pe/sites/default/files/BD_DAbiertos_16_OPP_2026_06.01.csv -> /Users/henrylluptoncapunay/Documents/GitHub/Llupton_Henry_HW_02_202602/data/raw/poblacion_reniec.csv (68350255 bytes)
2026-09-08 15:38:36,886 [INFO] HTTP Request: HEAD https://huggingface.co/datasets/aquiro1994/ds-python-up/resolve/main/_data/Folium/DISTRITOS.cpg "HTTP/1.1 307 Temporary Redirect"
2026-09-08 15:38:36,887 [WARNING] Warning: You are sending unauthenticated requests to the HF Hub. Please set a HF_TOKEN to enable higher rate limits and faster downloads.
2026-09-08 15:38:36,909 [INFO] HTTP Request: HEAD https://huggingface.co/api/resolve-cache/datasets/aquiro1994/ds-python-up/a3b1cf82d016a19e44883ccf05e18bb50895ac22/_data%2FFolium%2FDISTRITOS.cpg?%2Fdatasets%2Faquiro1994%2Fds-python-up%2Fresolve%2Fmain%2F_data%2FFolium%2FDISTRITOS.cpg=&etag=%223ad133c048f2189041151425a73485649e6c32c0%22 "HTTP/1.1 200 OK"
2026-09-08 15:38:37,229 [INFO] HTTP Request: HEAD https://huggingface.co/datasets/aquiro1994/ds-python-up/resolve/main/_data/Folium/DISTRITOS.dbf "HTTP/1.1 302 Found"
2026-09-08 15:38:37,365 [INFO] HTTP Request: HEAD https://huggingface.co/datasets/aquiro1994/ds-python-up/resolve/main/_data/Folium/DISTRITOS.prj "HTTP/1.1 307 Temporary Redirect"
2026-09-08 15:38:37,384 [INFO] HTTP Request: HEAD https://huggingface.co/api/resolve-cache/datasets/aquiro1994/ds-python-up/a3b1cf82d016a19e44883ccf05e18bb50895ac22/_data%2FFolium%2FDISTRITOS.prj?%2Fdatasets%2Faquiro1994%2Fds-python-up%2Fresolve%2Fmain%2F_data%2FFolium%2FDISTRITOS.prj=&etag=%22f45cbadf0074d8b7b2669559a93bc50bb95f82d4%22 "HTTP/1.1 200 OK"
2026-09-08 15:38:37,540 [INFO] HTTP Request: HEAD https://huggingface.co/datasets/aquiro1994/ds-python-up/resolve/main/_data/Folium/DISTRITOS.shp "HTTP/1.1 302 Found"
2026-09-08 15:38:37,671 [INFO] HTTP Request: HEAD https://huggingface.co/datasets/aquiro1994/ds-python-up/resolve/main/_data/Folium/DISTRITOS.shx "HTTP/1.1 307 Temporary Redirect"
2026-09-08 15:38:37,686 [INFO] HTTP Request: HEAD https://huggingface.co/api/resolve-cache/datasets/aquiro1994/ds-python-up/a3b1cf82d016a19e44883ccf05e18bb50895ac22/_data%2FFolium%2FDISTRITOS.shx?%2Fdatasets%2Faquiro1994%2Fds-python-up%2Fresolve%2Fmain%2F_data%2FFolium%2FDISTRITOS.shx=&etag=%2291c51216dcc6b5d760b7e1c5ba88018de6ac55b4%22 "HTTP/1.1 200 OK"
2026-09-08 15:38:37,688 [INFO] OK descarga distritos INEI -> /Users/henrylluptoncapunay/Documents/GitHub/Llupton_Henry_HW_02_202602/data/raw/distritos_inei
2026-09-08 15:38:37,688 [INFO] === Departamento: costa ===
2026-09-08 15:38:37,904 [INFO] RENIPRESS real cargado para costa: 118 facilities
2026-09-08 15:38:38,734 [INFO] Centros poblados IGN cargados para costa: 329 puntos
2026-09-08 15:38:38,772 [INFO] Distritos INEI cargados para costa: 13 polígonos
2026-09-08 15:38:38,777 [WARNING] 40/329 centros poblados sin UBIGEO de distrito asignado (nombre no coincide)
2026-09-08 15:38:39,858 [WARNING] 40/329 centros poblados sin match de distrito en RENIEC (nombre no coincide) -> poblacion=0
2026-09-08 15:38:39,914 [INFO] Real cargado para costa: 329 demanda ({'muestreado': False, 'n_original': 329, 'n_final': 329}), 118 facilities, 13 distritos
2026-09-08 15:38:40,055 [INFO] costa: 329 demanda validos, 110 facilities validas, 3 resolutivas activas
2026-09-08 15:38:45,897 [INFO] Matriz calculada y cacheada: /Users/henrylluptoncapunay/Documents/GitHub/Llupton_Henry_HW_02_202602/data/processed/routing_cache/costa/real/matrix_drive.parquet (987 filas)
2026-09-08 15:38:45,898 [INFO] costa/drive: grafo=osm, matriz=987 filas
2026-09-08 15:39:13,075 [WARNING] Falló descarga OSM para costa/walk (HTTPSConnectionPool(host='overpass-api.de', port=443): Read timed out. (read timeout=10)). Usando grafo sintético.
2026-09-08 15:39:13,149 [INFO] Matriz calculada y cacheada: /Users/henrylluptoncapunay/Documents/GitHub/Llupton_Henry_HW_02_202602/data/processed/routing_cache/costa/real/matrix_walk.parquet (987 filas)
2026-09-08 15:39:13,149 [INFO] costa/walk: grafo=synthetic, matriz=987 filas
2026-09-08 15:39:18,392 [INFO] Matriz calculada y cacheada: /Users/henrylluptoncapunay/Documents/GitHub/Llupton_Henry_HW_02_202602/data/processed/routing_cache/costa/real/matrix_bike.parquet (987 filas)
2026-09-08 15:39:18,392 [INFO] costa/bike: grafo=osm, matriz=987 filas
2026-09-08 15:39:19,571 [INFO] === Departamento: andino ===
2026-09-08 15:39:19,756 [INFO] RENIPRESS real cargado para andino: 497 facilities
2026-09-08 15:39:20,457 [INFO] Centros poblados IGN cargados para andino: 8207 puntos
2026-09-08 15:39:20,515 [INFO] Distritos INEI cargados para andino: 100 polígonos
2026-09-08 15:39:20,533 [WARNING] 146/8207 centros poblados sin UBIGEO de distrito asignado (nombre no coincide)
2026-09-08 15:39:21,659 [WARNING] 146/8207 centros poblados sin match de distrito en RENIEC (nombre no coincide) -> poblacion=0
2026-09-08 15:39:21,696 [INFO] Muestreo aplicado: 8207 -> 1673 puntos (estratificado por distrito, fracción 0.203, seed 42)
2026-09-08 15:39:21,708 [INFO] Real cargado para andino: 1673 demanda ({'muestreado': True, 'n_original': 8207, 'n_final': 1673, 'estrategia': 'estratificado por distrito, fracción 0.203, seed 42'}), 497 facilities, 100 distritos
2026-09-08 15:39:21,812 [INFO] andino: 1673 demanda validos, 473 facilities validas, 5 resolutivas activas
2026-09-08 15:42:00,321 [WARNING] Falló descarga OSM para andino/drive (HTTPSConnectionPool(host='overpass-api.de', port=443): Read timed out. (read timeout=10)). Usando grafo sintético.
2026-09-08 15:42:00,464 [INFO] Matriz calculada y cacheada: /Users/henrylluptoncapunay/Documents/GitHub/Llupton_Henry_HW_02_202602/data/processed/routing_cache/andino/real/matrix_drive.parquet (8365 filas)
2026-09-08 15:42:00,464 [INFO] andino/drive: grafo=synthetic, matriz=8365 filas
2026-09-08 15:46:22,811 [WARNING] Falló descarga OSM para andino/walk (('Connection aborted.', ConnectionResetError(54, 'Connection reset by peer'))). Usando grafo sintético.
2026-09-08 15:46:22,940 [INFO] Matriz calculada y cacheada: /Users/henrylluptoncapunay/Documents/GitHub/Llupton_Henry_HW_02_202602/data/processed/routing_cache/andino/real/matrix_walk.parquet (8365 filas)
2026-09-08 15:46:22,940 [INFO] andino/walk: grafo=synthetic, matriz=8365 filas
2026-09-08 15:47:33,731 [WARNING] Falló descarga OSM para andino/bike (HTTPSConnectionPool(host='overpass-api.de', port=443): Read timed out. (read timeout=10)). Usando grafo sintético.
2026-09-08 15:47:33,838 [INFO] Matriz calculada y cacheada: /Users/henrylluptoncapunay/Documents/GitHub/Llupton_Henry_HW_02_202602/data/processed/routing_cache/andino/real/matrix_bike.parquet (8365 filas)
2026-09-08 15:47:33,839 [INFO] andino/bike: grafo=synthetic, matriz=8365 filas
2026-09-08 15:47:33,853 [INFO] === Departamento: amazonico ===
2026-09-08 15:47:34,033 [INFO] RENIPRESS real cargado para amazonico: 241 facilities
2026-09-08 15:47:34,720 [INFO] Centros poblados IGN cargados para amazonico: 368 puntos
2026-09-08 15:47:34,787 [INFO] Distritos INEI cargados para amazonico: 11 polígonos
2026-09-08 15:47:34,790 [WARNING] 17/368 centros poblados sin UBIGEO de distrito asignado (nombre no coincide)
2026-09-08 15:47:35,907 [WARNING] 17/368 centros poblados sin match de distrito en RENIEC (nombre no coincide) -> poblacion=0
2026-09-08 15:47:35,915 [INFO] Real cargado para amazonico: 368 demanda ({'muestreado': False, 'n_original': 368, 'n_final': 368}), 241 facilities, 11 distritos
2026-09-08 15:47:35,978 [INFO] amazonico: 368 demanda validos, 217 facilities validas, 2 resolutivas activas
2026-09-08 15:48:46,354 [WARNING] Falló descarga OSM para amazonico/drive (HTTPSConnectionPool(host='overpass-api.de', port=443): Read timed out. (read timeout=10)). Usando grafo sintético.
2026-09-08 15:48:46,420 [INFO] Matriz calculada y cacheada: /Users/henrylluptoncapunay/Documents/GitHub/Llupton_Henry_HW_02_202602/data/processed/routing_cache/amazonico/real/matrix_drive.parquet (736 filas)
2026-09-08 15:48:46,420 [INFO] amazonico/drive: grafo=synthetic, matriz=736 filas
2026-09-08 15:50:03,321 [WARNING] Falló descarga OSM para amazonico/walk (HTTPSConnectionPool(host='overpass-api.de', port=443): Read timed out. (read timeout=10)). Usando grafo sintético.
2026-09-08 15:50:03,403 [INFO] Matriz calculada y cacheada: /Users/henrylluptoncapunay/Documents/GitHub/Llupton_Henry_HW_02_202602/data/processed/routing_cache/amazonico/real/matrix_walk.parquet (736 filas)
2026-09-08 15:50:03,403 [INFO] amazonico/walk: grafo=synthetic, matriz=736 filas
2026-09-08 15:51:11,189 [WARNING] Falló descarga OSM para amazonico/bike (('Connection aborted.', ConnectionResetError(54, 'Connection reset by peer'))). Usando grafo sintético.
2026-09-08 15:51:11,264 [INFO] Matriz calculada y cacheada: /Users/henrylluptoncapunay/Documents/GitHub/Llupton_Henry_HW_02_202602/data/processed/routing_cache/amazonico/real/matrix_bike.parquet (736 filas)
2026-09-08 15:51:11,265 [INFO] amazonico/bike: grafo=synthetic, matriz=736 filas
2026-09-08 15:51:11,277 [INFO] Quality report: /Users/henrylluptoncapunay/Documents/GitHub/Llupton_Henry_HW_02_202602/data/outputs/quality_report.json
2026-09-08 15:51:11,450 [INFO] Métricas exportadas a /Users/henrylluptoncapunay/Documents/GitHub/Llupton_Henry_HW_02_202602/data/outputs
2026-09-08 15:51:11,450 [INFO] Pipeline completo.
2026-09-08 15:56:02,351 [INFO] === Departamento: costa ===
2026-09-08 15:56:02,354 [INFO] SKIP (sintético ya existe) para costa
2026-09-08 15:56:02,499 [INFO] costa: 192 demanda validos, 19 facilities validas, 5 resolutivas activas
2026-09-08 15:56:03,261 [INFO] Grafo cacheado cargado: /Users/henrylluptoncapunay/Documents/GitHub/Llupton_Henry_HW_02_202602/data/processed/routing_cache/costa/drive.graphml (osm)
2026-09-08 15:56:03,381 [INFO] Matriz calculada y cacheada: /Users/henrylluptoncapunay/Documents/GitHub/Llupton_Henry_HW_02_202602/data/processed/routing_cache/costa/synthetic/matrix_drive.parquet (960 filas)
2026-09-08 15:56:03,381 [INFO] costa/drive: grafo=osm, matriz=960 filas
2026-09-08 15:56:03,400 [INFO] Grafo cacheado cargado: /Users/henrylluptoncapunay/Documents/GitHub/Llupton_Henry_HW_02_202602/data/processed/routing_cache/costa/walk.graphml (synthetic)
2026-09-08 15:56:03,410 [INFO] Matriz calculada y cacheada: /Users/henrylluptoncapunay/Documents/GitHub/Llupton_Henry_HW_02_202602/data/processed/routing_cache/costa/synthetic/matrix_walk.parquet (960 filas)
2026-09-08 15:56:03,410 [INFO] costa/walk: grafo=synthetic, matriz=960 filas
2026-09-08 15:56:03,931 [INFO] Grafo cacheado cargado: /Users/henrylluptoncapunay/Documents/GitHub/Llupton_Henry_HW_02_202602/data/processed/routing_cache/costa/bike.graphml (osm)
2026-09-08 15:56:04,034 [INFO] Matriz calculada y cacheada: /Users/henrylluptoncapunay/Documents/GitHub/Llupton_Henry_HW_02_202602/data/processed/routing_cache/costa/synthetic/matrix_bike.parquet (960 filas)
2026-09-08 15:56:04,034 [INFO] costa/bike: grafo=osm, matriz=960 filas
2026-09-08 15:56:04,982 [INFO] === Departamento: andino ===
2026-09-08 15:56:04,983 [INFO] SKIP (sintético ya existe) para andino
2026-09-08 15:56:05,016 [INFO] andino: 192 demanda validos, 19 facilities validas, 5 resolutivas activas
2026-09-08 15:56:05,033 [INFO] Grafo cacheado cargado: /Users/henrylluptoncapunay/Documents/GitHub/Llupton_Henry_HW_02_202602/data/processed/routing_cache/andino/drive.graphml (synthetic)
2026-09-08 15:56:05,042 [INFO] Matriz calculada y cacheada: /Users/henrylluptoncapunay/Documents/GitHub/Llupton_Henry_HW_02_202602/data/processed/routing_cache/andino/synthetic/matrix_drive.parquet (960 filas)
2026-09-08 15:56:05,042 [INFO] andino/drive: grafo=synthetic, matriz=960 filas
2026-09-08 15:56:05,058 [INFO] Grafo cacheado cargado: /Users/henrylluptoncapunay/Documents/GitHub/Llupton_Henry_HW_02_202602/data/processed/routing_cache/andino/walk.graphml (synthetic)
2026-09-08 15:56:05,068 [INFO] Matriz calculada y cacheada: /Users/henrylluptoncapunay/Documents/GitHub/Llupton_Henry_HW_02_202602/data/processed/routing_cache/andino/synthetic/matrix_walk.parquet (960 filas)
2026-09-08 15:56:05,068 [INFO] andino/walk: grafo=synthetic, matriz=960 filas
2026-09-08 15:56:05,084 [INFO] Grafo cacheado cargado: /Users/henrylluptoncapunay/Documents/GitHub/Llupton_Henry_HW_02_202602/data/processed/routing_cache/andino/bike.graphml (synthetic)
2026-09-08 15:56:05,093 [INFO] Matriz calculada y cacheada: /Users/henrylluptoncapunay/Documents/GitHub/Llupton_Henry_HW_02_202602/data/processed/routing_cache/andino/synthetic/matrix_bike.parquet (960 filas)
2026-09-08 15:56:05,093 [INFO] andino/bike: grafo=synthetic, matriz=960 filas
2026-09-08 15:56:05,106 [INFO] === Departamento: amazonico ===
2026-09-08 15:56:05,106 [INFO] SKIP (sintético ya existe) para amazonico
2026-09-08 15:56:05,138 [INFO] amazonico: 192 demanda validos, 19 facilities validas, 5 resolutivas activas
2026-09-08 15:56:05,155 [INFO] Grafo cacheado cargado: /Users/henrylluptoncapunay/Documents/GitHub/Llupton_Henry_HW_02_202602/data/processed/routing_cache/amazonico/drive.graphml (synthetic)
2026-09-08 15:56:05,164 [INFO] Matriz calculada y cacheada: /Users/henrylluptoncapunay/Documents/GitHub/Llupton_Henry_HW_02_202602/data/processed/routing_cache/amazonico/synthetic/matrix_drive.parquet (960 filas)
2026-09-08 15:56:05,164 [INFO] amazonico/drive: grafo=synthetic, matriz=960 filas
2026-09-08 15:56:05,180 [INFO] Grafo cacheado cargado: /Users/henrylluptoncapunay/Documents/GitHub/Llupton_Henry_HW_02_202602/data/processed/routing_cache/amazonico/walk.graphml (synthetic)
2026-09-08 15:56:05,189 [INFO] Matriz calculada y cacheada: /Users/henrylluptoncapunay/Documents/GitHub/Llupton_Henry_HW_02_202602/data/processed/routing_cache/amazonico/synthetic/matrix_walk.parquet (960 filas)
2026-09-08 15:56:05,189 [INFO] amazonico/walk: grafo=synthetic, matriz=960 filas
2026-09-08 15:56:05,205 [INFO] Grafo cacheado cargado: /Users/henrylluptoncapunay/Documents/GitHub/Llupton_Henry_HW_02_202602/data/processed/routing_cache/amazonico/bike.graphml (synthetic)
2026-09-08 15:56:05,214 [INFO] Matriz calculada y cacheada: /Users/henrylluptoncapunay/Documents/GitHub/Llupton_Henry_HW_02_202602/data/processed/routing_cache/amazonico/synthetic/matrix_bike.parquet (960 filas)
2026-09-08 15:56:05,214 [INFO] amazonico/bike: grafo=synthetic, matriz=960 filas
2026-09-08 15:56:05,226 [INFO] Quality report: /Users/henrylluptoncapunay/Documents/GitHub/Llupton_Henry_HW_02_202602/data/outputs/quality_report.json
2026-09-08 15:56:05,320 [INFO] Métricas exportadas a /Users/henrylluptoncapunay/Documents/GitHub/Llupton_Henry_HW_02_202602/data/outputs
2026-09-08 15:56:05,320 [INFO] Pipeline completo.
2026-09-08 15:56:17,038 [INFO] SKIP (ya existe): /Users/henrylluptoncapunay/Documents/GitHub/Llupton_Henry_HW_02_202602/data/raw/renipress.csv
2026-09-08 15:56:17,039 [INFO] SKIP (ya existe): /Users/henrylluptoncapunay/Documents/GitHub/Llupton_Henry_HW_02_202602/data/raw/centros_poblados_ign.zip
2026-09-08 15:56:17,039 [INFO] SKIP (ya existe): /Users/henrylluptoncapunay/Documents/GitHub/Llupton_Henry_HW_02_202602/data/raw/poblacion_reniec.csv
2026-09-08 15:56:17,039 [INFO] SKIP (ya existe): /Users/henrylluptoncapunay/Documents/GitHub/Llupton_Henry_HW_02_202602/data/raw/distritos_inei/DISTRITOS.shp
2026-09-08 15:56:17,039 [INFO] === Departamento: costa ===
2026-09-08 15:56:17,039 [INFO] SKIP (real ya cargado) para costa
2026-09-08 15:56:17,170 [INFO] costa: 329 demanda validos, 110 facilities validas, 3 resolutivas activas
2026-09-08 15:56:17,932 [INFO] Grafo cacheado cargado: /Users/henrylluptoncapunay/Documents/GitHub/Llupton_Henry_HW_02_202602/data/processed/routing_cache/costa/drive.graphml (osm)
2026-09-08 15:56:17,957 [INFO] Matriz cacheada: /Users/henrylluptoncapunay/Documents/GitHub/Llupton_Henry_HW_02_202602/data/processed/routing_cache/costa/real/matrix_drive.parquet
2026-09-08 15:56:17,959 [INFO] costa/drive: grafo=osm, matriz=987 filas
2026-09-08 15:56:17,978 [INFO] Grafo cacheado cargado: /Users/henrylluptoncapunay/Documents/GitHub/Llupton_Henry_HW_02_202602/data/processed/routing_cache/costa/walk.graphml (synthetic)
2026-09-08 15:56:17,980 [INFO] Matriz cacheada: /Users/henrylluptoncapunay/Documents/GitHub/Llupton_Henry_HW_02_202602/data/processed/routing_cache/costa/real/matrix_walk.parquet
2026-09-08 15:56:17,982 [INFO] costa/walk: grafo=synthetic, matriz=987 filas
2026-09-08 15:56:18,504 [INFO] Grafo cacheado cargado: /Users/henrylluptoncapunay/Documents/GitHub/Llupton_Henry_HW_02_202602/data/processed/routing_cache/costa/bike.graphml (osm)
2026-09-08 15:56:18,520 [INFO] Matriz cacheada: /Users/henrylluptoncapunay/Documents/GitHub/Llupton_Henry_HW_02_202602/data/processed/routing_cache/costa/real/matrix_bike.parquet
2026-09-08 15:56:18,522 [INFO] costa/bike: grafo=osm, matriz=987 filas
2026-09-08 15:56:19,473 [INFO] === Departamento: andino ===
2026-09-08 15:56:19,473 [INFO] SKIP (real ya cargado) para andino
2026-09-08 15:56:19,577 [INFO] andino: 1673 demanda validos, 473 facilities validas, 5 resolutivas activas
2026-09-08 15:56:19,594 [INFO] Grafo cacheado cargado: /Users/henrylluptoncapunay/Documents/GitHub/Llupton_Henry_HW_02_202602/data/processed/routing_cache/andino/drive.graphml (synthetic)
2026-09-08 15:56:19,601 [INFO] Matriz cacheada: /Users/henrylluptoncapunay/Documents/GitHub/Llupton_Henry_HW_02_202602/data/processed/routing_cache/andino/real/matrix_drive.parquet
2026-09-08 15:56:19,603 [INFO] andino/drive: grafo=synthetic, matriz=8365 filas
2026-09-08 15:56:19,619 [INFO] Grafo cacheado cargado: /Users/henrylluptoncapunay/Documents/GitHub/Llupton_Henry_HW_02_202602/data/processed/routing_cache/andino/walk.graphml (synthetic)
2026-09-08 15:56:19,626 [INFO] Matriz cacheada: /Users/henrylluptoncapunay/Documents/GitHub/Llupton_Henry_HW_02_202602/data/processed/routing_cache/andino/real/matrix_walk.parquet
2026-09-08 15:56:19,628 [INFO] andino/walk: grafo=synthetic, matriz=8365 filas
2026-09-08 15:56:19,644 [INFO] Grafo cacheado cargado: /Users/henrylluptoncapunay/Documents/GitHub/Llupton_Henry_HW_02_202602/data/processed/routing_cache/andino/bike.graphml (synthetic)
2026-09-08 15:56:19,652 [INFO] Matriz cacheada: /Users/henrylluptoncapunay/Documents/GitHub/Llupton_Henry_HW_02_202602/data/processed/routing_cache/andino/real/matrix_bike.parquet
2026-09-08 15:56:19,654 [INFO] andino/bike: grafo=synthetic, matriz=8365 filas
2026-09-08 15:56:19,667 [INFO] === Departamento: amazonico ===
2026-09-08 15:56:19,667 [INFO] SKIP (real ya cargado) para amazonico
2026-09-08 15:56:19,730 [INFO] amazonico: 368 demanda validos, 217 facilities validas, 2 resolutivas activas
2026-09-08 15:56:19,746 [INFO] Grafo cacheado cargado: /Users/henrylluptoncapunay/Documents/GitHub/Llupton_Henry_HW_02_202602/data/processed/routing_cache/amazonico/drive.graphml (synthetic)
2026-09-08 15:56:19,749 [INFO] Matriz cacheada: /Users/henrylluptoncapunay/Documents/GitHub/Llupton_Henry_HW_02_202602/data/processed/routing_cache/amazonico/real/matrix_drive.parquet
2026-09-08 15:56:19,750 [INFO] amazonico/drive: grafo=synthetic, matriz=736 filas
2026-09-08 15:56:19,766 [INFO] Grafo cacheado cargado: /Users/henrylluptoncapunay/Documents/GitHub/Llupton_Henry_HW_02_202602/data/processed/routing_cache/amazonico/walk.graphml (synthetic)
2026-09-08 15:56:19,769 [INFO] Matriz cacheada: /Users/henrylluptoncapunay/Documents/GitHub/Llupton_Henry_HW_02_202602/data/processed/routing_cache/amazonico/real/matrix_walk.parquet
2026-09-08 15:56:19,770 [INFO] amazonico/walk: grafo=synthetic, matriz=736 filas
2026-09-08 15:56:19,786 [INFO] Grafo cacheado cargado: /Users/henrylluptoncapunay/Documents/GitHub/Llupton_Henry_HW_02_202602/data/processed/routing_cache/amazonico/bike.graphml (synthetic)
2026-09-08 15:56:19,789 [INFO] Matriz cacheada: /Users/henrylluptoncapunay/Documents/GitHub/Llupton_Henry_HW_02_202602/data/processed/routing_cache/amazonico/real/matrix_bike.parquet
2026-09-08 15:56:19,790 [INFO] amazonico/bike: grafo=synthetic, matriz=736 filas
2026-09-08 15:56:19,799 [INFO] Quality report: /Users/henrylluptoncapunay/Documents/GitHub/Llupton_Henry_HW_02_202602/data/outputs/quality_report.json
2026-09-08 15:56:19,978 [INFO] Métricas exportadas a /Users/henrylluptoncapunay/Documents/GitHub/Llupton_Henry_HW_02_202602/data/outputs
2026-09-08 15:56:19,978 [INFO] Pipeline completo.
2026-09-08 17:21:24,991 [INFO] SKIP (ya existe): /Users/henrylluptoncapunay/Documents/GitHub/Llupton_Henry_HW_02_202602/data/raw/renipress.csv
2026-09-08 17:21:24,995 [INFO] SKIP (ya existe): /Users/henrylluptoncapunay/Documents/GitHub/Llupton_Henry_HW_02_202602/data/raw/centros_poblados_ign.zip
2026-09-08 17:21:24,995 [INFO] SKIP (ya existe): /Users/henrylluptoncapunay/Documents/GitHub/Llupton_Henry_HW_02_202602/data/raw/poblacion_reniec.csv
2026-09-08 17:21:24,995 [INFO] SKIP (ya existe): /Users/henrylluptoncapunay/Documents/GitHub/Llupton_Henry_HW_02_202602/data/raw/distritos_inei/DISTRITOS.shp
2026-09-08 17:21:24,995 [INFO] === Departamento: costa ===
2026-09-08 17:21:24,995 [INFO] SKIP (real ya cargado) para costa
2026-09-08 17:21:25,182 [INFO] costa: 329 demanda validos, 110 facilities validas, 3 resolutivas activas
2026-09-08 17:21:25,938 [INFO] Grafo cacheado cargado: /Users/henrylluptoncapunay/Documents/GitHub/Llupton_Henry_HW_02_202602/data/processed/routing_cache/costa/drive.graphml (osm)
2026-09-08 17:21:25,966 [INFO] Matriz cacheada: /Users/henrylluptoncapunay/Documents/GitHub/Llupton_Henry_HW_02_202602/data/processed/routing_cache/costa/real/matrix_drive.parquet
2026-09-08 17:21:25,971 [INFO] costa/drive: grafo=osm, matriz=987 filas
2026-09-08 17:21:25,992 [INFO] Grafo cacheado cargado: /Users/henrylluptoncapunay/Documents/GitHub/Llupton_Henry_HW_02_202602/data/processed/routing_cache/costa/walk.graphml (synthetic)
2026-09-08 17:21:25,995 [INFO] Matriz cacheada: /Users/henrylluptoncapunay/Documents/GitHub/Llupton_Henry_HW_02_202602/data/processed/routing_cache/costa/real/matrix_walk.parquet
2026-09-08 17:21:25,998 [INFO] costa/walk: grafo=synthetic, matriz=987 filas
2026-09-08 17:21:26,511 [INFO] Grafo cacheado cargado: /Users/henrylluptoncapunay/Documents/GitHub/Llupton_Henry_HW_02_202602/data/processed/routing_cache/costa/bike.graphml (osm)
2026-09-08 17:21:26,527 [INFO] Matriz cacheada: /Users/henrylluptoncapunay/Documents/GitHub/Llupton_Henry_HW_02_202602/data/processed/routing_cache/costa/real/matrix_bike.parquet
2026-09-08 17:21:26,528 [INFO] costa/bike: grafo=osm, matriz=987 filas
2026-09-08 17:21:27,587 [INFO] === Departamento: andino ===
2026-09-08 17:21:27,587 [INFO] SKIP (real ya cargado) para andino
2026-09-08 17:21:27,690 [INFO] andino: 1673 demanda validos, 473 facilities validas, 5 resolutivas activas
2026-09-08 17:21:27,706 [INFO] Grafo cacheado cargado: /Users/henrylluptoncapunay/Documents/GitHub/Llupton_Henry_HW_02_202602/data/processed/routing_cache/andino/drive.graphml (synthetic)
2026-09-08 17:21:27,713 [INFO] Matriz cacheada: /Users/henrylluptoncapunay/Documents/GitHub/Llupton_Henry_HW_02_202602/data/processed/routing_cache/andino/real/matrix_drive.parquet
2026-09-08 17:21:27,715 [INFO] andino/drive: grafo=synthetic, matriz=8365 filas
2026-09-08 17:21:27,731 [INFO] Grafo cacheado cargado: /Users/henrylluptoncapunay/Documents/GitHub/Llupton_Henry_HW_02_202602/data/processed/routing_cache/andino/walk.graphml (synthetic)
2026-09-08 17:21:27,738 [INFO] Matriz cacheada: /Users/henrylluptoncapunay/Documents/GitHub/Llupton_Henry_HW_02_202602/data/processed/routing_cache/andino/real/matrix_walk.parquet
2026-09-08 17:21:27,739 [INFO] andino/walk: grafo=synthetic, matriz=8365 filas
2026-09-08 17:21:27,755 [INFO] Grafo cacheado cargado: /Users/henrylluptoncapunay/Documents/GitHub/Llupton_Henry_HW_02_202602/data/processed/routing_cache/andino/bike.graphml (synthetic)
2026-09-08 17:21:27,762 [INFO] Matriz cacheada: /Users/henrylluptoncapunay/Documents/GitHub/Llupton_Henry_HW_02_202602/data/processed/routing_cache/andino/real/matrix_bike.parquet
2026-09-08 17:21:27,763 [INFO] andino/bike: grafo=synthetic, matriz=8365 filas
2026-09-08 17:21:27,776 [INFO] === Departamento: amazonico ===
2026-09-08 17:21:27,777 [INFO] SKIP (real ya cargado) para amazonico
2026-09-08 17:21:27,836 [INFO] amazonico: 368 demanda validos, 217 facilities validas, 2 resolutivas activas
2026-09-08 17:21:27,852 [INFO] Grafo cacheado cargado: /Users/henrylluptoncapunay/Documents/GitHub/Llupton_Henry_HW_02_202602/data/processed/routing_cache/amazonico/drive.graphml (synthetic)
2026-09-08 17:21:27,855 [INFO] Matriz cacheada: /Users/henrylluptoncapunay/Documents/GitHub/Llupton_Henry_HW_02_202602/data/processed/routing_cache/amazonico/real/matrix_drive.parquet
2026-09-08 17:21:27,856 [INFO] amazonico/drive: grafo=synthetic, matriz=736 filas
2026-09-08 17:21:27,871 [INFO] Grafo cacheado cargado: /Users/henrylluptoncapunay/Documents/GitHub/Llupton_Henry_HW_02_202602/data/processed/routing_cache/amazonico/walk.graphml (synthetic)
2026-09-08 17:21:27,873 [INFO] Matriz cacheada: /Users/henrylluptoncapunay/Documents/GitHub/Llupton_Henry_HW_02_202602/data/processed/routing_cache/amazonico/real/matrix_walk.parquet
2026-09-08 17:21:27,875 [INFO] amazonico/walk: grafo=synthetic, matriz=736 filas
2026-09-08 17:21:27,890 [INFO] Grafo cacheado cargado: /Users/henrylluptoncapunay/Documents/GitHub/Llupton_Henry_HW_02_202602/data/processed/routing_cache/amazonico/bike.graphml (synthetic)
2026-09-08 17:21:27,893 [INFO] Matriz cacheada: /Users/henrylluptoncapunay/Documents/GitHub/Llupton_Henry_HW_02_202602/data/processed/routing_cache/amazonico/real/matrix_bike.parquet
2026-09-08 17:21:27,894 [INFO] amazonico/bike: grafo=synthetic, matriz=736 filas
2026-09-08 17:21:27,903 [INFO] Quality report: /Users/henrylluptoncapunay/Documents/GitHub/Llupton_Henry_HW_02_202602/data/outputs/quality_report.json
2026-09-08 17:21:30,176 [INFO] Figuras exportadas a /Users/henrylluptoncapunay/Documents/GitHub/Llupton_Henry_HW_02_202602/report/figures
2026-09-08 17:21:30,201 [INFO] Métricas exportadas a /Users/henrylluptoncapunay/Documents/GitHub/Llupton_Henry_HW_02_202602/data/outputs
2026-09-08 17:21:30,201 [INFO] Pipeline completo.
2026-09-08 17:23:41,482 [INFO] SKIP (ya existe): /Users/henrylluptoncapunay/Documents/GitHub/Llupton_Henry_HW_02_202602/data/raw/renipress.csv
2026-09-08 17:23:41,483 [INFO] SKIP (ya existe): /Users/henrylluptoncapunay/Documents/GitHub/Llupton_Henry_HW_02_202602/data/raw/centros_poblados_ign.zip
2026-09-08 17:23:41,483 [INFO] SKIP (ya existe): /Users/henrylluptoncapunay/Documents/GitHub/Llupton_Henry_HW_02_202602/data/raw/poblacion_reniec.csv
2026-09-08 17:23:41,483 [INFO] SKIP (ya existe): /Users/henrylluptoncapunay/Documents/GitHub/Llupton_Henry_HW_02_202602/data/raw/distritos_inei/DISTRITOS.shp
2026-09-08 17:23:41,483 [INFO] === Departamento: costa ===
2026-09-08 17:23:41,483 [INFO] SKIP (real ya cargado) para costa
2026-09-08 17:23:41,674 [INFO] costa: 329 demanda validos, 110 facilities validas, 3 resolutivas activas
2026-09-08 17:23:42,428 [INFO] Grafo cacheado cargado: /Users/henrylluptoncapunay/Documents/GitHub/Llupton_Henry_HW_02_202602/data/processed/routing_cache/costa/drive.graphml (osm)
2026-09-08 17:23:42,454 [INFO] Matriz cacheada: /Users/henrylluptoncapunay/Documents/GitHub/Llupton_Henry_HW_02_202602/data/processed/routing_cache/costa/real/matrix_drive.parquet
2026-09-08 17:23:42,457 [INFO] costa/drive: grafo=osm, matriz=987 filas
2026-09-08 17:23:42,475 [INFO] Grafo cacheado cargado: /Users/henrylluptoncapunay/Documents/GitHub/Llupton_Henry_HW_02_202602/data/processed/routing_cache/costa/walk.graphml (synthetic)
2026-09-08 17:23:42,477 [INFO] Matriz cacheada: /Users/henrylluptoncapunay/Documents/GitHub/Llupton_Henry_HW_02_202602/data/processed/routing_cache/costa/real/matrix_walk.parquet
2026-09-08 17:23:42,479 [INFO] costa/walk: grafo=synthetic, matriz=987 filas
2026-09-08 17:23:42,986 [INFO] Grafo cacheado cargado: /Users/henrylluptoncapunay/Documents/GitHub/Llupton_Henry_HW_02_202602/data/processed/routing_cache/costa/bike.graphml (osm)
2026-09-08 17:23:43,002 [INFO] Matriz cacheada: /Users/henrylluptoncapunay/Documents/GitHub/Llupton_Henry_HW_02_202602/data/processed/routing_cache/costa/real/matrix_bike.parquet
2026-09-08 17:23:43,004 [INFO] costa/bike: grafo=osm, matriz=987 filas
2026-09-08 17:23:43,971 [INFO] === Departamento: andino ===
2026-09-08 17:23:43,972 [INFO] SKIP (real ya cargado) para andino
2026-09-08 17:23:44,076 [INFO] andino: 1673 demanda validos, 473 facilities validas, 5 resolutivas activas
2026-09-08 17:23:44,093 [INFO] Grafo cacheado cargado: /Users/henrylluptoncapunay/Documents/GitHub/Llupton_Henry_HW_02_202602/data/processed/routing_cache/andino/drive.graphml (synthetic)
2026-09-08 17:23:44,100 [INFO] Matriz cacheada: /Users/henrylluptoncapunay/Documents/GitHub/Llupton_Henry_HW_02_202602/data/processed/routing_cache/andino/real/matrix_drive.parquet
2026-09-08 17:23:44,102 [INFO] andino/drive: grafo=synthetic, matriz=8365 filas
2026-09-08 17:23:44,118 [INFO] Grafo cacheado cargado: /Users/henrylluptoncapunay/Documents/GitHub/Llupton_Henry_HW_02_202602/data/processed/routing_cache/andino/walk.graphml (synthetic)
2026-09-08 17:23:44,124 [INFO] Matriz cacheada: /Users/henrylluptoncapunay/Documents/GitHub/Llupton_Henry_HW_02_202602/data/processed/routing_cache/andino/real/matrix_walk.parquet
2026-09-08 17:23:44,126 [INFO] andino/walk: grafo=synthetic, matriz=8365 filas
2026-09-08 17:23:44,142 [INFO] Grafo cacheado cargado: /Users/henrylluptoncapunay/Documents/GitHub/Llupton_Henry_HW_02_202602/data/processed/routing_cache/andino/bike.graphml (synthetic)
2026-09-08 17:23:44,148 [INFO] Matriz cacheada: /Users/henrylluptoncapunay/Documents/GitHub/Llupton_Henry_HW_02_202602/data/processed/routing_cache/andino/real/matrix_bike.parquet
2026-09-08 17:23:44,150 [INFO] andino/bike: grafo=synthetic, matriz=8365 filas
2026-09-08 17:23:44,176 [INFO] === Departamento: amazonico ===
2026-09-08 17:23:44,176 [INFO] SKIP (real ya cargado) para amazonico
2026-09-08 17:23:44,238 [INFO] amazonico: 368 demanda validos, 217 facilities validas, 2 resolutivas activas
2026-09-08 17:23:44,254 [INFO] Grafo cacheado cargado: /Users/henrylluptoncapunay/Documents/GitHub/Llupton_Henry_HW_02_202602/data/processed/routing_cache/amazonico/drive.graphml (synthetic)
2026-09-08 17:23:44,256 [INFO] Matriz cacheada: /Users/henrylluptoncapunay/Documents/GitHub/Llupton_Henry_HW_02_202602/data/processed/routing_cache/amazonico/real/matrix_drive.parquet
2026-09-08 17:23:44,257 [INFO] amazonico/drive: grafo=synthetic, matriz=736 filas
2026-09-08 17:23:44,273 [INFO] Grafo cacheado cargado: /Users/henrylluptoncapunay/Documents/GitHub/Llupton_Henry_HW_02_202602/data/processed/routing_cache/amazonico/walk.graphml (synthetic)
2026-09-08 17:23:44,275 [INFO] Matriz cacheada: /Users/henrylluptoncapunay/Documents/GitHub/Llupton_Henry_HW_02_202602/data/processed/routing_cache/amazonico/real/matrix_walk.parquet
2026-09-08 17:23:44,276 [INFO] amazonico/walk: grafo=synthetic, matriz=736 filas
2026-09-08 17:23:44,292 [INFO] Grafo cacheado cargado: /Users/henrylluptoncapunay/Documents/GitHub/Llupton_Henry_HW_02_202602/data/processed/routing_cache/amazonico/bike.graphml (synthetic)
2026-09-08 17:23:44,294 [INFO] Matriz cacheada: /Users/henrylluptoncapunay/Documents/GitHub/Llupton_Henry_HW_02_202602/data/processed/routing_cache/amazonico/real/matrix_bike.parquet
2026-09-08 17:23:44,295 [INFO] amazonico/bike: grafo=synthetic, matriz=736 filas
2026-09-08 17:23:44,310 [INFO] Quality report: /Users/henrylluptoncapunay/Documents/GitHub/Llupton_Henry_HW_02_202602/data/outputs/quality_report.json
2026-09-08 17:23:45,124 [INFO] Figuras exportadas a /Users/henrylluptoncapunay/Documents/GitHub/Llupton_Henry_HW_02_202602/report/figures
2026-09-08 17:23:45,149 [INFO] Métricas exportadas a /Users/henrylluptoncapunay/Documents/GitHub/Llupton_Henry_HW_02_202602/data/outputs
2026-09-08 17:23:45,149 [INFO] Pipeline completo.
2026-09-08 19:29:10,855 [INFO] OK descarga: http://datos.susalud.gob.pe/sites/default/files/RENIPRESS_2026_v6.csv -> /Users/henrylluptoncapunay/Documents/GitHub/Llupton_Henry_HW_02_202602/data/raw/renipress.csv (17685986 bytes)
2026-09-08 19:29:12,227 [INFO] OK descarga: https://www.datosabiertos.gob.pe/sites/default/files/CCPP_0.zip -> /Users/henrylluptoncapunay/Documents/GitHub/Llupton_Henry_HW_02_202602/data/raw/centros_poblados_ign.zip (6019493 bytes)
2026-09-08 19:29:12,300 [INFO] Descomprimido: /Users/henrylluptoncapunay/Documents/GitHub/Llupton_Henry_HW_02_202602/data/raw/centros_poblados_ign
2026-09-08 19:29:19,124 [INFO] OK descarga: https://www.datosabiertos.gob.pe/sites/default/files/BD_DAbiertos_16_OPP_2026_06.01.csv -> /Users/henrylluptoncapunay/Documents/GitHub/Llupton_Henry_HW_02_202602/data/raw/poblacion_reniec.csv (68350255 bytes)
2026-09-08 19:29:19,618 [INFO] HTTP Request: HEAD https://huggingface.co/datasets/aquiro1994/ds-python-up/resolve/main/_data/Folium/DISTRITOS.cpg "HTTP/1.1 307 Temporary Redirect"
2026-09-08 19:29:19,634 [INFO] HTTP Request: HEAD https://huggingface.co/api/resolve-cache/datasets/aquiro1994/ds-python-up/a3b1cf82d016a19e44883ccf05e18bb50895ac22/_data%2FFolium%2FDISTRITOS.cpg?%2Fdatasets%2Faquiro1994%2Fds-python-up%2Fresolve%2Fmain%2F_data%2FFolium%2FDISTRITOS.cpg=&etag=%223ad133c048f2189041151425a73485649e6c32c0%22 "HTTP/1.1 200 OK"
2026-09-08 19:29:19,749 [INFO] HTTP Request: HEAD https://huggingface.co/datasets/aquiro1994/ds-python-up/resolve/main/_data/Folium/DISTRITOS.dbf "HTTP/1.1 302 Found"
2026-09-08 19:29:19,750 [WARNING] Warning: You are sending unauthenticated requests to the HF Hub. Please set a HF_TOKEN to enable higher rate limits and faster downloads.
2026-09-08 19:29:19,881 [INFO] HTTP Request: HEAD https://huggingface.co/datasets/aquiro1994/ds-python-up/resolve/main/_data/Folium/DISTRITOS.prj "HTTP/1.1 307 Temporary Redirect"
2026-09-08 19:29:19,892 [INFO] HTTP Request: HEAD https://huggingface.co/api/resolve-cache/datasets/aquiro1994/ds-python-up/a3b1cf82d016a19e44883ccf05e18bb50895ac22/_data%2FFolium%2FDISTRITOS.prj?%2Fdatasets%2Faquiro1994%2Fds-python-up%2Fresolve%2Fmain%2F_data%2FFolium%2FDISTRITOS.prj=&etag=%22f45cbadf0074d8b7b2669559a93bc50bb95f82d4%22 "HTTP/1.1 200 OK"
2026-09-08 19:29:20,013 [INFO] HTTP Request: HEAD https://huggingface.co/datasets/aquiro1994/ds-python-up/resolve/main/_data/Folium/DISTRITOS.shp "HTTP/1.1 302 Found"
2026-09-08 19:29:20,259 [INFO] HTTP Request: HEAD https://huggingface.co/datasets/aquiro1994/ds-python-up/resolve/main/_data/Folium/DISTRITOS.shx "HTTP/1.1 307 Temporary Redirect"
2026-09-08 19:29:20,271 [INFO] HTTP Request: HEAD https://huggingface.co/api/resolve-cache/datasets/aquiro1994/ds-python-up/a3b1cf82d016a19e44883ccf05e18bb50895ac22/_data%2FFolium%2FDISTRITOS.shx?%2Fdatasets%2Faquiro1994%2Fds-python-up%2Fresolve%2Fmain%2F_data%2FFolium%2FDISTRITOS.shx=&etag=%2291c51216dcc6b5d760b7e1c5ba88018de6ac55b4%22 "HTTP/1.1 200 OK"
2026-09-08 19:29:20,274 [INFO] OK descarga distritos INEI -> /Users/henrylluptoncapunay/Documents/GitHub/Llupton_Henry_HW_02_202602/data/raw/distritos_inei
2026-09-08 19:29:20,275 [INFO] === Departamento: costa ===
2026-09-08 19:29:20,501 [INFO] RENIPRESS real cargado para costa: 118 facilities
2026-09-08 19:29:21,371 [INFO] Centros poblados IGN cargados para costa: 329 puntos
2026-09-08 19:29:21,412 [INFO] Distritos INEI cargados para costa: 13 polígonos
2026-09-08 19:29:21,421 [WARNING] 40/329 centros poblados sin UBIGEO de distrito asignado (nombre no coincide)
2026-09-08 19:29:22,522 [WARNING] 40/329 centros poblados sin match de distrito en RENIEC (nombre no coincide) -> poblacion=0
2026-09-08 19:29:22,570 [INFO] Real cargado para costa: 329 demanda ({'muestreado': False, 'n_original': 329, 'n_final': 329}), 118 facilities, 13 distritos
2026-09-08 19:29:22,696 [INFO] costa: 329 demanda validos, 110 facilities validas, 3 resolutivas activas
2026-09-08 19:29:28,755 [INFO] Matriz calculada y cacheada: /Users/henrylluptoncapunay/Documents/GitHub/Llupton_Henry_HW_02_202602/data/processed/routing_cache/costa/real/matrix_drive.parquet (987 filas)
2026-09-08 19:29:28,755 [INFO] costa/drive: grafo=osm, matriz=987 filas
2026-09-08 19:29:38,913 [INFO] Matriz calculada y cacheada: /Users/henrylluptoncapunay/Documents/GitHub/Llupton_Henry_HW_02_202602/data/processed/routing_cache/costa/real/matrix_walk.parquet (987 filas)
2026-09-08 19:29:38,914 [INFO] costa/walk: grafo=osm, matriz=987 filas
2026-09-08 19:29:44,650 [INFO] Matriz calculada y cacheada: /Users/henrylluptoncapunay/Documents/GitHub/Llupton_Henry_HW_02_202602/data/processed/routing_cache/costa/real/matrix_bike.parquet (987 filas)
2026-09-08 19:29:44,650 [INFO] costa/bike: grafo=osm, matriz=987 filas
2026-09-08 19:29:45,657 [INFO] === Departamento: andino ===
2026-09-08 19:29:45,848 [INFO] RENIPRESS real cargado para andino: 497 facilities
2026-09-08 19:29:46,687 [INFO] Centros poblados IGN cargados para andino: 8207 puntos
2026-09-08 19:29:46,768 [INFO] Distritos INEI cargados para andino: 100 polígonos
2026-09-08 19:29:46,789 [WARNING] 146/8207 centros poblados sin UBIGEO de distrito asignado (nombre no coincide)
2026-09-08 19:29:47,968 [WARNING] 146/8207 centros poblados sin match de distrito en RENIEC (nombre no coincide) -> poblacion=0
2026-09-08 19:29:48,008 [INFO] Muestreo aplicado: 8207 -> 1673 puntos (estratificado por distrito, fracción 0.203, seed 42)
2026-09-08 19:29:48,020 [INFO] Real cargado para andino: 1673 demanda ({'muestreado': True, 'n_original': 8207, 'n_final': 1673, 'estrategia': 'estratificado por distrito, fracción 0.203, seed 42'}), 497 facilities, 100 distritos
2026-09-08 19:29:48,133 [INFO] andino: 1673 demanda validos, 473 facilities validas, 5 resolutivas activas
2026-09-08 19:30:13,236 [WARNING] Falló descarga OSM para andino/drive (HTTPSConnectionPool(host='overpass-api.de', port=443): Read timed out. (read timeout=10)). Usando grafo sintético.
2026-09-08 19:30:13,367 [INFO] Matriz calculada y cacheada: /Users/henrylluptoncapunay/Documents/GitHub/Llupton_Henry_HW_02_202602/data/processed/routing_cache/andino/real/matrix_drive.parquet (8365 filas)
2026-09-08 19:30:13,368 [INFO] andino/drive: grafo=synthetic, matriz=8365 filas
2026-09-08 19:31:23,444 [WARNING] Falló descarga OSM para andino/walk (('Connection aborted.', ConnectionResetError(54, 'Connection reset by peer'))). Usando grafo sintético.
2026-09-08 19:31:23,573 [INFO] Matriz calculada y cacheada: /Users/henrylluptoncapunay/Documents/GitHub/Llupton_Henry_HW_02_202602/data/processed/routing_cache/andino/real/matrix_walk.parquet (8365 filas)
2026-09-08 19:31:23,573 [INFO] andino/walk: grafo=synthetic, matriz=8365 filas
2026-09-08 19:34:23,559 [INFO] Matriz calculada y cacheada: /Users/henrylluptoncapunay/Documents/GitHub/Llupton_Henry_HW_02_202602/data/processed/routing_cache/andino/real/matrix_bike.parquet (8365 filas)
2026-09-08 19:34:23,560 [INFO] andino/bike: grafo=osm, matriz=8365 filas
2026-09-08 19:34:23,589 [INFO] === Departamento: amazonico ===
2026-09-08 19:34:23,764 [INFO] RENIPRESS real cargado para amazonico: 241 facilities
2026-09-08 19:34:24,460 [INFO] Centros poblados IGN cargados para amazonico: 368 puntos
2026-09-08 19:34:24,502 [INFO] Distritos INEI cargados para amazonico: 11 polígonos
2026-09-08 19:34:24,506 [WARNING] 17/368 centros poblados sin UBIGEO de distrito asignado (nombre no coincide)
2026-09-08 19:34:25,600 [WARNING] 17/368 centros poblados sin match de distrito en RENIEC (nombre no coincide) -> poblacion=0
2026-09-08 19:34:25,613 [INFO] Real cargado para amazonico: 368 demanda ({'muestreado': False, 'n_original': 368, 'n_final': 368}), 241 facilities, 11 distritos
2026-09-08 19:34:25,678 [INFO] amazonico: 368 demanda validos, 217 facilities validas, 2 resolutivas activas
2026-09-08 19:34:44,025 [WARNING] Falló descarga OSM para amazonico/drive (HTTPSConnectionPool(host='overpass-api.de', port=443): Read timed out. (read timeout=10)). Usando grafo sintético.
2026-09-08 19:34:44,103 [INFO] Matriz calculada y cacheada: /Users/henrylluptoncapunay/Documents/GitHub/Llupton_Henry_HW_02_202602/data/processed/routing_cache/amazonico/real/matrix_drive.parquet (736 filas)
2026-09-08 19:34:44,103 [INFO] amazonico/drive: grafo=synthetic, matriz=736 filas
2026-09-08 19:35:17,360 [WARNING] Falló descarga OSM para amazonico/walk (HTTPSConnectionPool(host='overpass-api.de', port=443): Read timed out. (read timeout=10)). Usando grafo sintético.
2026-09-08 19:35:17,420 [INFO] Matriz calculada y cacheada: /Users/henrylluptoncapunay/Documents/GitHub/Llupton_Henry_HW_02_202602/data/processed/routing_cache/amazonico/real/matrix_walk.parquet (736 filas)
2026-09-08 19:35:17,420 [INFO] amazonico/walk: grafo=synthetic, matriz=736 filas
2026-09-08 19:35:33,811 [WARNING] Falló descarga OSM para amazonico/bike (HTTPSConnectionPool(host='overpass-api.de', port=443): Read timed out.). Usando grafo sintético.
2026-09-08 19:35:33,873 [INFO] Matriz calculada y cacheada: /Users/henrylluptoncapunay/Documents/GitHub/Llupton_Henry_HW_02_202602/data/processed/routing_cache/amazonico/real/matrix_bike.parquet (736 filas)
2026-09-08 19:35:33,873 [INFO] amazonico/bike: grafo=synthetic, matriz=736 filas
2026-09-08 19:35:33,889 [INFO] Quality report: /Users/henrylluptoncapunay/Documents/GitHub/Llupton_Henry_HW_02_202602/data/outputs/quality_report.json
2026-09-08 19:35:34,855 [INFO] Figuras exportadas a /Users/henrylluptoncapunay/Documents/GitHub/Llupton_Henry_HW_02_202602/report/figures
2026-09-08 19:35:34,879 [INFO] Métricas exportadas a /Users/henrylluptoncapunay/Documents/GitHub/Llupton_Henry_HW_02_202602/data/outputs
2026-09-08 19:35:34,879 [INFO] Pipeline completo.
2026-09-08 19:36:31,964 [INFO] SKIP (ya existe): /Users/henrylluptoncapunay/Documents/GitHub/Llupton_Henry_HW_02_202602/data/raw/renipress.csv
2026-09-08 19:36:31,965 [INFO] SKIP (ya existe): /Users/henrylluptoncapunay/Documents/GitHub/Llupton_Henry_HW_02_202602/data/raw/centros_poblados_ign.zip
2026-09-08 19:36:31,965 [INFO] SKIP (ya existe): /Users/henrylluptoncapunay/Documents/GitHub/Llupton_Henry_HW_02_202602/data/raw/poblacion_reniec.csv
2026-09-08 19:36:31,965 [INFO] SKIP (ya existe): /Users/henrylluptoncapunay/Documents/GitHub/Llupton_Henry_HW_02_202602/data/raw/distritos_inei/DISTRITOS.shp
2026-09-08 19:36:31,965 [INFO] === Departamento: costa ===
2026-09-08 19:36:31,966 [INFO] SKIP (real ya cargado) para costa
2026-09-08 19:36:32,081 [INFO] costa: 329 demanda validos, 110 facilities validas, 3 resolutivas activas
2026-09-08 19:36:32,857 [INFO] Grafo cacheado cargado: /Users/henrylluptoncapunay/Documents/GitHub/Llupton_Henry_HW_02_202602/data/processed/routing_cache/costa/drive.graphml (osm)
2026-09-08 19:36:32,879 [INFO] Matriz cacheada: /Users/henrylluptoncapunay/Documents/GitHub/Llupton_Henry_HW_02_202602/data/processed/routing_cache/costa/real/matrix_drive.parquet
2026-09-08 19:36:32,881 [INFO] costa/drive: grafo=osm, matriz=987 filas
2026-09-08 19:36:33,559 [INFO] Grafo cacheado cargado: /Users/henrylluptoncapunay/Documents/GitHub/Llupton_Henry_HW_02_202602/data/processed/routing_cache/costa/walk.graphml (osm)
2026-09-08 19:36:33,580 [INFO] Matriz cacheada: /Users/henrylluptoncapunay/Documents/GitHub/Llupton_Henry_HW_02_202602/data/processed/routing_cache/costa/real/matrix_walk.parquet
2026-09-08 19:36:33,581 [INFO] costa/walk: grafo=osm, matriz=987 filas
2026-09-08 19:36:34,017 [INFO] Grafo cacheado cargado: /Users/henrylluptoncapunay/Documents/GitHub/Llupton_Henry_HW_02_202602/data/processed/routing_cache/costa/bike.graphml (osm)
2026-09-08 19:36:34,034 [INFO] Matriz cacheada: /Users/henrylluptoncapunay/Documents/GitHub/Llupton_Henry_HW_02_202602/data/processed/routing_cache/costa/real/matrix_bike.parquet
2026-09-08 19:36:34,035 [INFO] costa/bike: grafo=osm, matriz=987 filas
2026-09-08 19:36:34,978 [INFO] === Departamento: andino ===
2026-09-08 19:36:34,978 [INFO] SKIP (real ya cargado) para andino
2026-09-08 19:36:35,083 [INFO] andino: 1673 demanda validos, 473 facilities validas, 5 resolutivas activas
2026-09-08 19:37:37,784 [WARNING] Falló descarga OSM para andino/drive (('Connection aborted.', ConnectionResetError(54, 'Connection reset by peer'))). Usando grafo sintético.
2026-09-08 19:37:37,857 [INFO] Matriz calculada y cacheada: /Users/henrylluptoncapunay/Documents/GitHub/Llupton_Henry_HW_02_202602/data/processed/routing_cache/andino/real/matrix_drive.parquet (8365 filas)
2026-09-08 19:37:37,857 [INFO] andino/drive: grafo=synthetic, matriz=8365 filas
2026-09-08 19:38:40,465 [WARNING] Falló descarga OSM para andino/walk (('Connection aborted.', ConnectionResetError(54, 'Connection reset by peer'))). Usando grafo sintético.
2026-09-08 19:38:40,559 [INFO] Matriz calculada y cacheada: /Users/henrylluptoncapunay/Documents/GitHub/Llupton_Henry_HW_02_202602/data/processed/routing_cache/andino/real/matrix_walk.parquet (8365 filas)
2026-09-08 19:38:40,559 [INFO] andino/walk: grafo=synthetic, matriz=8365 filas
2026-09-08 19:38:42,645 [INFO] Grafo cacheado cargado: /Users/henrylluptoncapunay/Documents/GitHub/Llupton_Henry_HW_02_202602/data/processed/routing_cache/andino/bike.graphml (osm)
2026-09-08 19:38:42,838 [INFO] Matriz cacheada: /Users/henrylluptoncapunay/Documents/GitHub/Llupton_Henry_HW_02_202602/data/processed/routing_cache/andino/real/matrix_bike.parquet
2026-09-08 19:38:42,841 [INFO] andino/bike: grafo=osm, matriz=8365 filas
2026-09-08 19:38:42,870 [INFO] === Departamento: amazonico ===
2026-09-08 19:38:42,870 [INFO] SKIP (real ya cargado) para amazonico
2026-09-08 19:38:42,935 [INFO] amazonico: 368 demanda validos, 217 facilities validas, 2 resolutivas activas
2026-09-08 19:39:43,512 [WARNING] Falló descarga OSM para amazonico/drive (('Connection aborted.', ConnectionResetError(54, 'Connection reset by peer'))). Usando grafo sintético.
2026-09-08 19:39:43,596 [INFO] Matriz calculada y cacheada: /Users/henrylluptoncapunay/Documents/GitHub/Llupton_Henry_HW_02_202602/data/processed/routing_cache/amazonico/real/matrix_drive.parquet (736 filas)
2026-09-08 19:39:43,596 [INFO] amazonico/drive: grafo=synthetic, matriz=736 filas
2026-09-08 19:40:46,203 [WARNING] Falló descarga OSM para amazonico/walk (('Connection aborted.', ConnectionResetError(54, 'Connection reset by peer'))). Usando grafo sintético.
2026-09-08 19:40:46,268 [INFO] Matriz calculada y cacheada: /Users/henrylluptoncapunay/Documents/GitHub/Llupton_Henry_HW_02_202602/data/processed/routing_cache/amazonico/real/matrix_walk.parquet (736 filas)
2026-09-08 19:40:46,268 [INFO] amazonico/walk: grafo=synthetic, matriz=736 filas
2026-09-08 19:41:46,771 [WARNING] Falló descarga OSM para amazonico/bike (('Connection aborted.', ConnectionResetError(54, 'Connection reset by peer'))). Usando grafo sintético.
2026-09-08 19:41:46,836 [INFO] Matriz calculada y cacheada: /Users/henrylluptoncapunay/Documents/GitHub/Llupton_Henry_HW_02_202602/data/processed/routing_cache/amazonico/real/matrix_bike.parquet (736 filas)
2026-09-08 19:41:46,836 [INFO] amazonico/bike: grafo=synthetic, matriz=736 filas
2026-09-08 19:41:46,854 [INFO] Quality report: /Users/henrylluptoncapunay/Documents/GitHub/Llupton_Henry_HW_02_202602/data/outputs/quality_report.json
2026-09-08 19:41:47,683 [INFO] Figuras exportadas a /Users/henrylluptoncapunay/Documents/GitHub/Llupton_Henry_HW_02_202602/report/figures
2026-09-08 19:41:47,708 [INFO] Métricas exportadas a /Users/henrylluptoncapunay/Documents/GitHub/Llupton_Henry_HW_02_202602/data/outputs
2026-09-08 19:41:47,708 [INFO] Pipeline completo.
2026-09-08 20:01:25,636 [INFO] SKIP (ya existe): /Users/henrylluptoncapunay/Documents/GitHub/Llupton_Henry_HW_02_202602/data/raw/renipress.csv
2026-09-08 20:01:25,636 [INFO] SKIP (ya existe): /Users/henrylluptoncapunay/Documents/GitHub/Llupton_Henry_HW_02_202602/data/raw/centros_poblados_ign.zip
2026-09-08 20:01:25,637 [INFO] SKIP (ya existe): /Users/henrylluptoncapunay/Documents/GitHub/Llupton_Henry_HW_02_202602/data/raw/poblacion_reniec.csv
2026-09-08 20:01:25,637 [INFO] SKIP (ya existe): /Users/henrylluptoncapunay/Documents/GitHub/Llupton_Henry_HW_02_202602/data/raw/distritos_inei/DISTRITOS.shp
2026-09-08 20:01:25,637 [INFO] === Departamento: costa ===
2026-09-08 20:01:25,637 [INFO] SKIP (real ya cargado) para costa
2026-09-08 20:01:25,784 [INFO] costa: 329 demanda validos, 110 facilities validas, 3 resolutivas activas
2026-09-08 20:02:15,871 [INFO] Matriz calculada y cacheada: /Users/henrylluptoncapunay/Documents/GitHub/Llupton_Henry_HW_02_202602/data/processed/routing_cache/costa/real/matrix_drive.parquet (987 filas)
2026-09-08 20:02:15,872 [INFO] costa/drive: grafo=osm-pbf, matriz=987 filas
2026-09-08 20:03:06,338 [INFO] Matriz calculada y cacheada: /Users/henrylluptoncapunay/Documents/GitHub/Llupton_Henry_HW_02_202602/data/processed/routing_cache/costa/real/matrix_walk.parquet (987 filas)
2026-09-08 20:03:06,339 [INFO] costa/walk: grafo=osm-pbf, matriz=987 filas
2026-09-08 20:03:57,540 [INFO] Matriz calculada y cacheada: /Users/henrylluptoncapunay/Documents/GitHub/Llupton_Henry_HW_02_202602/data/processed/routing_cache/costa/real/matrix_bike.parquet (987 filas)
2026-09-08 20:03:57,541 [INFO] costa/bike: grafo=osm-pbf, matriz=987 filas
2026-09-08 20:04:00,370 [INFO] === Departamento: andino ===
2026-09-08 20:04:00,371 [INFO] SKIP (real ya cargado) para andino
2026-09-08 20:04:00,476 [INFO] andino: 1673 demanda validos, 473 facilities validas, 5 resolutivas activas
2026-09-08 20:07:24,502 [INFO] Matriz calculada y cacheada: /Users/henrylluptoncapunay/Documents/GitHub/Llupton_Henry_HW_02_202602/data/processed/routing_cache/andino/real/matrix_drive.parquet (8365 filas)
2026-09-08 20:07:24,520 [INFO] andino/drive: grafo=osm-pbf, matriz=8365 filas
2026-09-08 20:11:20,779 [INFO] Matriz calculada y cacheada: /Users/henrylluptoncapunay/Documents/GitHub/Llupton_Henry_HW_02_202602/data/processed/routing_cache/andino/real/matrix_walk.parquet (8365 filas)
2026-09-08 20:11:20,799 [INFO] andino/walk: grafo=osm-pbf, matriz=8365 filas
2026-09-08 21:27:38,487 [INFO] Matriz calculada y cacheada: /Users/henrylluptoncapunay/Documents/GitHub/Llupton_Henry_HW_02_202602/data/processed/routing_cache/andino/real/matrix_bike.parquet (8365 filas)
2026-09-08 21:27:38,507 [INFO] andino/bike: grafo=osm-pbf, matriz=8365 filas
2026-09-08 21:28:46,416 [INFO] === Departamento: amazonico ===
2026-09-08 21:28:46,417 [INFO] SKIP (real ya cargado) para amazonico
2026-09-08 21:28:46,560 [INFO] amazonico: 368 demanda validos, 217 facilities validas, 2 resolutivas activas
2026-09-08 21:32:43,028 [INFO] Matriz calculada y cacheada: /Users/henrylluptoncapunay/Documents/GitHub/Llupton_Henry_HW_02_202602/data/processed/routing_cache/amazonico/real/matrix_drive.parquet (736 filas)
2026-09-08 21:32:43,032 [INFO] amazonico/drive: grafo=osm-pbf, matriz=736 filas
2026-09-08 21:36:55,744 [INFO] Matriz calculada y cacheada: /Users/henrylluptoncapunay/Documents/GitHub/Llupton_Henry_HW_02_202602/data/processed/routing_cache/amazonico/real/matrix_walk.parquet (736 filas)
2026-09-08 21:36:55,753 [INFO] amazonico/walk: grafo=osm-pbf, matriz=736 filas
2026-09-08 21:41:13,790 [INFO] Matriz calculada y cacheada: /Users/henrylluptoncapunay/Documents/GitHub/Llupton_Henry_HW_02_202602/data/processed/routing_cache/amazonico/real/matrix_bike.parquet (736 filas)
2026-09-08 21:41:13,799 [INFO] amazonico/bike: grafo=osm-pbf, matriz=736 filas
2026-09-08 21:41:15,368 [INFO] Quality report: /Users/henrylluptoncapunay/Documents/GitHub/Llupton_Henry_HW_02_202602/data/outputs/quality_report.json
2026-09-08 21:41:16,392 [INFO] Figuras exportadas a /Users/henrylluptoncapunay/Documents/GitHub/Llupton_Henry_HW_02_202602/report/figures
2026-09-08 21:41:16,418 [INFO] Métricas exportadas a /Users/henrylluptoncapunay/Documents/GitHub/Llupton_Henry_HW_02_202602/data/outputs
2026-09-08 21:41:16,418 [INFO] Pipeline completo.
2026-09-09 17:59:30,386 [INFO] SKIP (ya existe): /Users/henrylluptoncapunay/Documents/GitHub/Llupton_Henry_HW_02_202602/data/raw/renipress.csv
2026-09-09 17:59:30,387 [INFO] SKIP (ya existe): /Users/henrylluptoncapunay/Documents/GitHub/Llupton_Henry_HW_02_202602/data/raw/centros_poblados_ign.zip
2026-09-09 17:59:30,387 [INFO] SKIP (ya existe): /Users/henrylluptoncapunay/Documents/GitHub/Llupton_Henry_HW_02_202602/data/raw/poblacion_reniec.csv
2026-09-09 17:59:30,387 [INFO] SKIP (ya existe): /Users/henrylluptoncapunay/Documents/GitHub/Llupton_Henry_HW_02_202602/data/raw/distritos_inei/DISTRITOS.shp
2026-09-09 17:59:30,387 [INFO] === Departamento: costa ===
2026-09-09 17:59:30,387 [INFO] SKIP (real ya cargado) para costa
2026-09-09 17:59:30,576 [INFO] costa: 329 demanda validos, 110 facilities validas, 3 resolutivas activas
2026-09-09 18:00:22,599 [INFO] Matriz calculada y cacheada: /Users/henrylluptoncapunay/Documents/GitHub/Llupton_Henry_HW_02_202602/data/processed/routing_cache/costa/real/matrix_drive.parquet (987 filas)
2026-09-09 18:00:22,600 [INFO] costa/drive: grafo=osm-pbf, matriz=987 filas
2026-09-09 18:01:14,842 [INFO] Matriz calculada y cacheada: /Users/henrylluptoncapunay/Documents/GitHub/Llupton_Henry_HW_02_202602/data/processed/routing_cache/costa/real/matrix_walk.parquet (987 filas)
2026-09-09 18:01:14,843 [INFO] costa/walk: grafo=osm-pbf, matriz=987 filas
2026-09-09 18:02:08,225 [INFO] Matriz calculada y cacheada: /Users/henrylluptoncapunay/Documents/GitHub/Llupton_Henry_HW_02_202602/data/processed/routing_cache/costa/real/matrix_bike.parquet (987 filas)
2026-09-09 18:02:08,227 [INFO] costa/bike: grafo=osm-pbf, matriz=987 filas
2026-09-09 18:02:11,429 [INFO] === Departamento: andino ===
2026-09-09 18:02:11,430 [INFO] SKIP (real ya cargado) para andino
2026-09-09 18:02:11,538 [INFO] andino: 1673 demanda validos, 473 facilities validas, 5 resolutivas activas
2026-09-09 18:05:54,824 [INFO] Matriz calculada y cacheada: /Users/henrylluptoncapunay/Documents/GitHub/Llupton_Henry_HW_02_202602/data/processed/routing_cache/andino/real/matrix_drive.parquet (8365 filas)
2026-09-09 18:05:54,843 [INFO] andino/drive: grafo=osm-pbf, matriz=8365 filas
2026-09-09 18:10:00,328 [INFO] Matriz calculada y cacheada: /Users/henrylluptoncapunay/Documents/GitHub/Llupton_Henry_HW_02_202602/data/processed/routing_cache/andino/real/matrix_walk.parquet (8365 filas)
2026-09-09 18:10:00,348 [INFO] andino/walk: grafo=osm-pbf, matriz=8365 filas
2026-09-09 18:14:31,000 [INFO] Matriz calculada y cacheada: /Users/henrylluptoncapunay/Documents/GitHub/Llupton_Henry_HW_02_202602/data/processed/routing_cache/andino/real/matrix_bike.parquet (8365 filas)
2026-09-09 18:14:31,021 [INFO] andino/bike: grafo=osm-pbf, matriz=8365 filas
2026-09-09 18:14:54,622 [INFO] === Departamento: amazonico ===
2026-09-09 18:14:54,624 [INFO] SKIP (real ya cargado) para amazonico
2026-09-09 18:14:54,734 [INFO] amazonico: 368 demanda validos, 217 facilities validas, 2 resolutivas activas
2026-09-09 18:19:09,434 [INFO] Matriz calculada y cacheada: /Users/henrylluptoncapunay/Documents/GitHub/Llupton_Henry_HW_02_202602/data/processed/routing_cache/amazonico/real/matrix_drive.parquet (736 filas)
2026-09-09 18:19:09,443 [INFO] amazonico/drive: grafo=osm-pbf, matriz=736 filas
2026-09-09 18:23:35,686 [INFO] Matriz calculada y cacheada: /Users/henrylluptoncapunay/Documents/GitHub/Llupton_Henry_HW_02_202602/data/processed/routing_cache/amazonico/real/matrix_walk.parquet (736 filas)
2026-09-09 18:23:35,697 [INFO] amazonico/walk: grafo=osm-pbf, matriz=736 filas
2026-09-09 18:28:06,883 [INFO] Matriz calculada y cacheada: /Users/henrylluptoncapunay/Documents/GitHub/Llupton_Henry_HW_02_202602/data/processed/routing_cache/amazonico/real/matrix_bike.parquet (736 filas)
2026-09-09 18:28:06,895 [INFO] amazonico/bike: grafo=osm-pbf, matriz=736 filas
2026-09-09 18:28:08,732 [INFO] Quality report: /Users/henrylluptoncapunay/Documents/GitHub/Llupton_Henry_HW_02_202602/data/outputs/quality_report.json
2026-09-09 18:28:09,825 [INFO] Figuras exportadas a /Users/henrylluptoncapunay/Documents/GitHub/Llupton_Henry_HW_02_202602/report/figures
2026-09-09 18:28:09,855 [INFO] Métricas exportadas a /Users/henrylluptoncapunay/Documents/GitHub/Llupton_Henry_HW_02_202602/data/outputs
2026-09-09 18:28:09,856 [INFO] Pipeline completo.
2026-09-09 18:35:13,675 [INFO] SKIP (ya existe): /Users/henrylluptoncapunay/Documents/GitHub/Llupton_Henry_HW_02_202602/data/raw/renipress.csv
2026-09-09 18:35:13,675 [INFO] SKIP (ya existe): /Users/henrylluptoncapunay/Documents/GitHub/Llupton_Henry_HW_02_202602/data/raw/centros_poblados_ign.zip
2026-09-09 18:35:13,676 [INFO] SKIP (ya existe): /Users/henrylluptoncapunay/Documents/GitHub/Llupton_Henry_HW_02_202602/data/raw/poblacion_reniec.csv
2026-09-09 18:35:13,676 [INFO] SKIP (ya existe): /Users/henrylluptoncapunay/Documents/GitHub/Llupton_Henry_HW_02_202602/data/raw/distritos_inei/DISTRITOS.shp
2026-09-09 18:35:13,676 [INFO] === Departamento: costa ===
2026-09-09 18:35:13,676 [INFO] SKIP (real ya cargado) para costa
2026-09-09 18:35:13,855 [INFO] costa: 329 demanda validos, 110 facilities validas, 3 resolutivas activas
2026-09-09 18:36:09,582 [WARNING] Falló parseo del .pbf para costa/drive (Could not detect file format for filename '/Users/henrylluptoncapunay/Documents/GitHub/Llupton_Henry_HW_02_202602/data/processed/routing_cache/costa/extract.osm.pbf.tmp'.). Intentando Overpass en vivo.
2026-09-09 18:39:07,302 [WARNING] Falló descarga OSM para costa/drive (('Connection aborted.', ConnectionResetError(54, 'Connection reset by peer'))). Usando grafo sintético.
2026-09-09 18:39:07,387 [INFO] Matriz calculada y cacheada: /Users/henrylluptoncapunay/Documents/GitHub/Llupton_Henry_HW_02_202602/data/processed/routing_cache/costa/real/matrix_drive.parquet (987 filas)
2026-09-09 18:39:07,387 [INFO] costa/drive: grafo=synthetic, matriz=987 filas
2026-09-09 18:40:05,633 [WARNING] Falló parseo del .pbf para costa/walk (Could not detect file format for filename '/Users/henrylluptoncapunay/Documents/GitHub/Llupton_Henry_HW_02_202602/data/processed/routing_cache/costa/extract.osm.pbf.tmp'.). Intentando Overpass en vivo.
2026-09-09 18:41:56,021 [INFO] Matriz calculada y cacheada: /Users/henrylluptoncapunay/Documents/GitHub/Llupton_Henry_HW_02_202602/data/processed/routing_cache/costa/real/matrix_walk.parquet (987 filas)
2026-09-09 18:41:56,022 [INFO] costa/walk: grafo=osm-overpass, matriz=987 filas
2026-09-09 18:42:53,193 [WARNING] Falló parseo del .pbf para costa/bike (Could not detect file format for filename '/Users/henrylluptoncapunay/Documents/GitHub/Llupton_Henry_HW_02_202602/data/processed/routing_cache/costa/extract.osm.pbf.tmp'.). Intentando Overpass en vivo.
2026-09-09 18:43:01,144 [INFO] Matriz calculada y cacheada: /Users/henrylluptoncapunay/Documents/GitHub/Llupton_Henry_HW_02_202602/data/processed/routing_cache/costa/real/matrix_bike.parquet (987 filas)
2026-09-09 18:43:01,144 [INFO] costa/bike: grafo=osm-overpass, matriz=987 filas
2026-09-09 18:43:01,734 [INFO] === Departamento: andino ===
2026-09-09 18:43:01,735 [INFO] SKIP (real ya cargado) para andino
2026-09-09 18:43:01,851 [INFO] andino: 1673 demanda validos, 473 facilities validas, 5 resolutivas activas
2026-09-09 18:43:59,193 [WARNING] Falló parseo del .pbf para andino/drive (Could not detect file format for filename '/Users/henrylluptoncapunay/Documents/GitHub/Llupton_Henry_HW_02_202602/data/processed/routing_cache/andino/extract.osm.pbf.tmp'.). Intentando Overpass en vivo.
2026-09-09 18:44:37,478 [WARNING] Falló descarga OSM para andino/drive (('Connection aborted.', ConnectionResetError(54, 'Connection reset by peer'))). Usando grafo sintético.
2026-09-09 18:44:37,617 [INFO] Matriz calculada y cacheada: /Users/henrylluptoncapunay/Documents/GitHub/Llupton_Henry_HW_02_202602/data/processed/routing_cache/andino/real/matrix_drive.parquet (8365 filas)
2026-09-09 18:44:37,617 [INFO] andino/drive: grafo=synthetic, matriz=8365 filas
2026-09-09 18:45:35,106 [WARNING] Falló parseo del .pbf para andino/walk (Could not detect file format for filename '/Users/henrylluptoncapunay/Documents/GitHub/Llupton_Henry_HW_02_202602/data/processed/routing_cache/andino/extract.osm.pbf.tmp'.). Intentando Overpass en vivo.
2026-09-09 18:46:36,762 [WARNING] Falló descarga OSM para andino/walk (('Connection aborted.', ConnectionResetError(54, 'Connection reset by peer'))). Usando grafo sintético.
2026-09-09 18:46:36,888 [INFO] Matriz calculada y cacheada: /Users/henrylluptoncapunay/Documents/GitHub/Llupton_Henry_HW_02_202602/data/processed/routing_cache/andino/real/matrix_walk.parquet (8365 filas)
2026-09-09 18:46:36,888 [INFO] andino/walk: grafo=synthetic, matriz=8365 filas
2026-09-09 18:47:34,524 [WARNING] Falló parseo del .pbf para andino/bike (Could not detect file format for filename '/Users/henrylluptoncapunay/Documents/GitHub/Llupton_Henry_HW_02_202602/data/processed/routing_cache/andino/extract.osm.pbf.tmp'.). Intentando Overpass en vivo.
2026-09-09 18:47:36,032 [WARNING] Falló descarga OSM para andino/bike (('Connection aborted.', ConnectionResetError(54, 'Connection reset by peer'))). Usando grafo sintético.
2026-09-09 18:47:36,162 [INFO] Matriz calculada y cacheada: /Users/henrylluptoncapunay/Documents/GitHub/Llupton_Henry_HW_02_202602/data/processed/routing_cache/andino/real/matrix_bike.parquet (8365 filas)
2026-09-09 18:47:36,162 [INFO] andino/bike: grafo=synthetic, matriz=8365 filas
2026-09-09 18:47:36,191 [INFO] === Departamento: amazonico ===
2026-09-09 18:47:36,191 [INFO] SKIP (real ya cargado) para amazonico
2026-09-09 18:47:36,256 [INFO] amazonico: 368 demanda validos, 217 facilities validas, 2 resolutivas activas
2026-09-09 18:48:35,862 [WARNING] Falló parseo del .pbf para amazonico/drive (Could not detect file format for filename '/Users/henrylluptoncapunay/Documents/GitHub/Llupton_Henry_HW_02_202602/data/processed/routing_cache/amazonico/extract.osm.pbf.tmp'.). Intentando Overpass en vivo.
2026-09-09 18:49:37,466 [WARNING] Falló descarga OSM para amazonico/drive (('Connection aborted.', ConnectionResetError(54, 'Connection reset by peer'))). Usando grafo sintético.
2026-09-09 18:49:37,540 [INFO] Matriz calculada y cacheada: /Users/henrylluptoncapunay/Documents/GitHub/Llupton_Henry_HW_02_202602/data/processed/routing_cache/amazonico/real/matrix_drive.parquet (736 filas)
2026-09-09 18:49:37,540 [INFO] amazonico/drive: grafo=synthetic, matriz=736 filas
2026-09-09 18:50:37,677 [WARNING] Falló parseo del .pbf para amazonico/walk (Could not detect file format for filename '/Users/henrylluptoncapunay/Documents/GitHub/Llupton_Henry_HW_02_202602/data/processed/routing_cache/amazonico/extract.osm.pbf.tmp'.). Intentando Overpass en vivo.
2026-09-09 18:51:38,263 [WARNING] Falló descarga OSM para amazonico/walk (('Connection aborted.', ConnectionResetError(54, 'Connection reset by peer'))). Usando grafo sintético.
2026-09-09 18:51:38,346 [INFO] Matriz calculada y cacheada: /Users/henrylluptoncapunay/Documents/GitHub/Llupton_Henry_HW_02_202602/data/processed/routing_cache/amazonico/real/matrix_walk.parquet (736 filas)
2026-09-09 18:51:38,347 [INFO] amazonico/walk: grafo=synthetic, matriz=736 filas
2026-09-09 18:52:37,782 [WARNING] Falló parseo del .pbf para amazonico/bike (Could not detect file format for filename '/Users/henrylluptoncapunay/Documents/GitHub/Llupton_Henry_HW_02_202602/data/processed/routing_cache/amazonico/extract.osm.pbf.tmp'.). Intentando Overpass en vivo.
2026-09-09 18:53:49,208 [WARNING] Falló descarga OSM para amazonico/bike (('Connection aborted.', ConnectionResetError(54, 'Connection reset by peer'))). Usando grafo sintético.
2026-09-09 18:53:49,283 [INFO] Matriz calculada y cacheada: /Users/henrylluptoncapunay/Documents/GitHub/Llupton_Henry_HW_02_202602/data/processed/routing_cache/amazonico/real/matrix_bike.parquet (736 filas)
2026-09-09 18:53:49,283 [INFO] amazonico/bike: grafo=synthetic, matriz=736 filas
2026-09-09 18:53:49,306 [INFO] Quality report: /Users/henrylluptoncapunay/Documents/GitHub/Llupton_Henry_HW_02_202602/data/outputs/quality_report.json
2026-09-09 18:53:50,112 [INFO] Figuras exportadas a /Users/henrylluptoncapunay/Documents/GitHub/Llupton_Henry_HW_02_202602/report/figures
2026-09-09 18:53:50,137 [INFO] Métricas exportadas a /Users/henrylluptoncapunay/Documents/GitHub/Llupton_Henry_HW_02_202602/data/outputs
2026-09-09 18:53:50,138 [INFO] Pipeline completo.
2026-09-09 19:21:16,619 [INFO] SKIP (ya existe): /Users/henrylluptoncapunay/Documents/GitHub/Llupton_Henry_HW_02_202602/data/raw/renipress.csv
2026-09-09 19:21:16,619 [INFO] SKIP (ya existe): /Users/henrylluptoncapunay/Documents/GitHub/Llupton_Henry_HW_02_202602/data/raw/centros_poblados_ign.zip
2026-09-09 19:21:16,620 [INFO] SKIP (ya existe): /Users/henrylluptoncapunay/Documents/GitHub/Llupton_Henry_HW_02_202602/data/raw/poblacion_reniec.csv
2026-09-09 19:21:16,620 [INFO] SKIP (ya existe): /Users/henrylluptoncapunay/Documents/GitHub/Llupton_Henry_HW_02_202602/data/raw/distritos_inei/DISTRITOS.shp
2026-09-09 19:21:16,620 [INFO] === Departamento: costa ===
2026-09-09 19:21:16,620 [INFO] SKIP (real ya cargado) para costa
2026-09-09 19:21:16,799 [INFO] costa: 329 demanda validos, 110 facilities validas, 3 resolutivas activas
2026-09-09 19:22:22,646 [INFO] Matriz calculada y cacheada: /Users/henrylluptoncapunay/Documents/GitHub/Llupton_Henry_HW_02_202602/data/processed/routing_cache/costa/real/matrix_drive.parquet (987 filas)
2026-09-09 19:22:22,647 [INFO] costa/drive: grafo=osm-pbf, matriz=987 filas
2026-09-09 19:22:29,520 [INFO] Matriz calculada y cacheada: /Users/henrylluptoncapunay/Documents/GitHub/Llupton_Henry_HW_02_202602/data/processed/routing_cache/costa/real/matrix_walk.parquet (987 filas)
2026-09-09 19:22:29,522 [INFO] costa/walk: grafo=osm-pbf, matriz=987 filas
2026-09-09 19:22:37,141 [INFO] Matriz calculada y cacheada: /Users/henrylluptoncapunay/Documents/GitHub/Llupton_Henry_HW_02_202602/data/processed/routing_cache/costa/real/matrix_bike.parquet (987 filas)
2026-09-09 19:22:37,144 [INFO] costa/bike: grafo=osm-pbf, matriz=987 filas
2026-09-09 19:23:38,012 [INFO] SKIP (ya existe): /Users/henrylluptoncapunay/Documents/GitHub/Llupton_Henry_HW_02_202602/data/raw/renipress.csv
2026-09-09 19:23:38,014 [INFO] SKIP (ya existe): /Users/henrylluptoncapunay/Documents/GitHub/Llupton_Henry_HW_02_202602/data/raw/centros_poblados_ign.zip
2026-09-09 19:23:38,014 [INFO] SKIP (ya existe): /Users/henrylluptoncapunay/Documents/GitHub/Llupton_Henry_HW_02_202602/data/raw/poblacion_reniec.csv
2026-09-09 19:23:38,014 [INFO] SKIP (ya existe): /Users/henrylluptoncapunay/Documents/GitHub/Llupton_Henry_HW_02_202602/data/raw/distritos_inei/DISTRITOS.shp
2026-09-09 19:23:38,014 [INFO] === Departamento: costa ===
2026-09-09 19:23:38,014 [INFO] SKIP (real ya cargado) para costa
2026-09-09 19:23:38,131 [INFO] costa: 329 demanda validos, 110 facilities validas, 3 resolutivas activas
2026-09-09 19:23:44,624 [INFO] Matriz calculada y cacheada: /Users/henrylluptoncapunay/Documents/GitHub/Llupton_Henry_HW_02_202602/data/processed/routing_cache/costa/real/matrix_drive.parquet (987 filas)
2026-09-09 19:23:44,626 [INFO] costa/drive: grafo=osm-pbf, matriz=987 filas
2026-09-09 19:23:51,355 [INFO] Matriz calculada y cacheada: /Users/henrylluptoncapunay/Documents/GitHub/Llupton_Henry_HW_02_202602/data/processed/routing_cache/costa/real/matrix_walk.parquet (987 filas)
2026-09-09 19:23:51,358 [INFO] costa/walk: grafo=osm-pbf, matriz=987 filas
2026-09-09 19:23:58,745 [INFO] Matriz calculada y cacheada: /Users/henrylluptoncapunay/Documents/GitHub/Llupton_Henry_HW_02_202602/data/processed/routing_cache/costa/real/matrix_bike.parquet (987 filas)
2026-09-09 19:23:58,747 [INFO] costa/bike: grafo=osm-pbf, matriz=987 filas
2026-09-09 19:24:01,832 [INFO] === Departamento: andino ===
2026-09-09 19:24:01,833 [INFO] SKIP (real ya cargado) para andino
2026-09-09 19:24:01,949 [INFO] andino: 1673 demanda validos, 473 facilities validas, 5 resolutivas activas
2026-09-09 19:27:01,800 [INFO] Matriz calculada y cacheada: /Users/henrylluptoncapunay/Documents/GitHub/Llupton_Henry_HW_02_202602/data/processed/routing_cache/andino/real/matrix_drive.parquet (8365 filas)
2026-09-09 19:27:01,817 [INFO] andino/drive: grafo=osm-pbf, matriz=8365 filas
2026-09-09 19:29:04,155 [INFO] Matriz calculada y cacheada: /Users/henrylluptoncapunay/Documents/GitHub/Llupton_Henry_HW_02_202602/data/processed/routing_cache/andino/real/matrix_walk.parquet (8365 filas)
2026-09-09 19:29:04,176 [INFO] andino/walk: grafo=osm-pbf, matriz=8365 filas
2026-09-09 19:31:30,474 [INFO] Matriz calculada y cacheada: /Users/henrylluptoncapunay/Documents/GitHub/Llupton_Henry_HW_02_202602/data/processed/routing_cache/andino/real/matrix_bike.parquet (8365 filas)
2026-09-09 19:31:30,499 [INFO] andino/bike: grafo=osm-pbf, matriz=8365 filas
2026-09-09 19:31:53,135 [INFO] === Departamento: amazonico ===
2026-09-09 19:31:53,137 [INFO] SKIP (real ya cargado) para amazonico
2026-09-09 19:31:53,237 [INFO] amazonico: 368 demanda validos, 217 facilities validas, 2 resolutivas activas
2026-09-09 19:32:58,697 [INFO] Matriz calculada y cacheada: /Users/henrylluptoncapunay/Documents/GitHub/Llupton_Henry_HW_02_202602/data/processed/routing_cache/amazonico/real/matrix_drive.parquet (736 filas)
2026-09-09 19:32:58,698 [INFO] amazonico/drive: grafo=osm-pbf, matriz=736 filas
2026-09-09 19:34:28,053 [INFO] Matriz calculada y cacheada: /Users/henrylluptoncapunay/Documents/GitHub/Llupton_Henry_HW_02_202602/data/processed/routing_cache/amazonico/real/matrix_walk.parquet (736 filas)
2026-09-09 19:34:28,055 [INFO] amazonico/walk: grafo=osm-pbf, matriz=736 filas
2026-09-09 19:36:06,756 [INFO] Matriz calculada y cacheada: /Users/henrylluptoncapunay/Documents/GitHub/Llupton_Henry_HW_02_202602/data/processed/routing_cache/amazonico/real/matrix_bike.parquet (736 filas)
2026-09-09 19:36:06,758 [INFO] amazonico/bike: grafo=osm-pbf, matriz=736 filas
2026-09-09 19:36:08,264 [INFO] Quality report: /Users/henrylluptoncapunay/Documents/GitHub/Llupton_Henry_HW_02_202602/data/outputs/quality_report.json
2026-09-09 19:36:09,372 [INFO] Figuras exportadas a /Users/henrylluptoncapunay/Documents/GitHub/Llupton_Henry_HW_02_202602/report/figures
2026-09-09 19:36:09,406 [INFO] Métricas exportadas a /Users/henrylluptoncapunay/Documents/GitHub/Llupton_Henry_HW_02_202602/data/outputs
2026-09-09 19:36:09,407 [INFO] Pipeline completo.
2026-09-09 19:43:12,079 [INFO] SKIP (ya existe): /Users/henrylluptoncapunay/Documents/GitHub/Llupton_Henry_HW_02_202602/data/raw/renipress.csv
2026-09-09 19:43:12,080 [INFO] SKIP (ya existe): /Users/henrylluptoncapunay/Documents/GitHub/Llupton_Henry_HW_02_202602/data/raw/centros_poblados_ign.zip
2026-09-09 19:43:12,080 [INFO] SKIP (ya existe): /Users/henrylluptoncapunay/Documents/GitHub/Llupton_Henry_HW_02_202602/data/raw/poblacion_reniec.csv
2026-09-09 19:43:12,080 [INFO] SKIP (ya existe): /Users/henrylluptoncapunay/Documents/GitHub/Llupton_Henry_HW_02_202602/data/raw/distritos_inei/DISTRITOS.shp
2026-09-09 19:43:12,080 [INFO] === Departamento: costa ===
2026-09-09 19:43:12,080 [INFO] SKIP (real ya cargado) para costa
2026-09-09 19:43:12,291 [INFO] costa: 329 demanda validos, 110 facilities validas, 3 resolutivas activas
2026-09-09 19:43:13,779 [INFO] Grafo cacheado cargado: /Users/henrylluptoncapunay/Documents/GitHub/Llupton_Henry_HW_02_202602/data/processed/routing_cache/costa/drive.graphml (osm-pbf)
2026-09-09 19:43:13,893 [INFO] Matriz cacheada: /Users/henrylluptoncapunay/Documents/GitHub/Llupton_Henry_HW_02_202602/data/processed/routing_cache/costa/real/matrix_drive.parquet
2026-09-09 19:43:13,897 [INFO] costa/drive: grafo=osm-pbf, matriz=987 filas
2026-09-09 19:43:15,252 [INFO] Grafo cacheado cargado: /Users/henrylluptoncapunay/Documents/GitHub/Llupton_Henry_HW_02_202602/data/processed/routing_cache/costa/walk.graphml (osm-pbf)
2026-09-09 19:43:15,355 [INFO] Matriz cacheada: /Users/henrylluptoncapunay/Documents/GitHub/Llupton_Henry_HW_02_202602/data/processed/routing_cache/costa/real/matrix_walk.parquet
2026-09-09 19:43:15,358 [INFO] costa/walk: grafo=osm-pbf, matriz=987 filas
2026-09-09 19:43:16,762 [INFO] Grafo cacheado cargado: /Users/henrylluptoncapunay/Documents/GitHub/Llupton_Henry_HW_02_202602/data/processed/routing_cache/costa/bike.graphml (osm-pbf)
2026-09-09 19:43:16,872 [INFO] Matriz cacheada: /Users/henrylluptoncapunay/Documents/GitHub/Llupton_Henry_HW_02_202602/data/processed/routing_cache/costa/real/matrix_bike.parquet
2026-09-09 19:43:16,874 [INFO] costa/bike: grafo=osm-pbf, matriz=987 filas
2026-09-09 19:43:19,798 [INFO] === Departamento: andino ===
2026-09-09 19:43:19,799 [INFO] SKIP (real ya cargado) para andino
2026-09-09 19:43:19,901 [INFO] andino: 1673 demanda validos, 473 facilities validas, 5 resolutivas activas
2026-09-09 19:43:42,837 [INFO] Grafo cacheado cargado: /Users/henrylluptoncapunay/Documents/GitHub/Llupton_Henry_HW_02_202602/data/processed/routing_cache/andino/drive.graphml (osm-pbf)
2026-09-09 19:43:48,027 [INFO] Matriz cacheada: /Users/henrylluptoncapunay/Documents/GitHub/Llupton_Henry_HW_02_202602/data/processed/routing_cache/andino/real/matrix_drive.parquet
2026-09-09 19:43:48,032 [INFO] andino/drive: grafo=osm-pbf, matriz=8365 filas
2026-09-09 19:44:17,844 [INFO] Grafo cacheado cargado: /Users/henrylluptoncapunay/Documents/GitHub/Llupton_Henry_HW_02_202602/data/processed/routing_cache/andino/walk.graphml (osm-pbf)
2026-09-09 19:44:23,065 [INFO] Matriz cacheada: /Users/henrylluptoncapunay/Documents/GitHub/Llupton_Henry_HW_02_202602/data/processed/routing_cache/andino/real/matrix_walk.parquet
2026-09-09 19:44:23,069 [INFO] andino/walk: grafo=osm-pbf, matriz=8365 filas
2026-09-09 19:44:55,189 [INFO] Grafo cacheado cargado: /Users/henrylluptoncapunay/Documents/GitHub/Llupton_Henry_HW_02_202602/data/processed/routing_cache/andino/bike.graphml (osm-pbf)
2026-09-09 19:45:00,405 [INFO] Matriz cacheada: /Users/henrylluptoncapunay/Documents/GitHub/Llupton_Henry_HW_02_202602/data/processed/routing_cache/andino/real/matrix_bike.parquet
2026-09-09 19:45:00,409 [INFO] andino/bike: grafo=osm-pbf, matriz=8365 filas
2026-09-09 19:45:20,786 [INFO] === Departamento: amazonico ===
2026-09-09 19:45:20,786 [INFO] SKIP (real ya cargado) para amazonico
2026-09-09 19:45:20,876 [INFO] amazonico: 368 demanda validos, 217 facilities validas, 2 resolutivas activas
2026-09-09 19:45:31,419 [INFO] Grafo cacheado cargado: /Users/henrylluptoncapunay/Documents/GitHub/Llupton_Henry_HW_02_202602/data/processed/routing_cache/amazonico/drive.graphml (osm-pbf)
2026-09-09 19:45:32,462 [INFO] Matriz cacheada: /Users/henrylluptoncapunay/Documents/GitHub/Llupton_Henry_HW_02_202602/data/processed/routing_cache/amazonico/real/matrix_drive.parquet
2026-09-09 19:45:32,467 [INFO] amazonico/drive: grafo=osm-pbf, matriz=736 filas
2026-09-09 19:45:56,669 [INFO] Grafo cacheado cargado: /Users/henrylluptoncapunay/Documents/GitHub/Llupton_Henry_HW_02_202602/data/processed/routing_cache/amazonico/walk.graphml (osm-pbf)
2026-09-09 19:45:57,814 [INFO] Matriz cacheada: /Users/henrylluptoncapunay/Documents/GitHub/Llupton_Henry_HW_02_202602/data/processed/routing_cache/amazonico/real/matrix_walk.parquet
2026-09-09 19:45:57,819 [INFO] amazonico/walk: grafo=osm-pbf, matriz=736 filas
2026-09-09 19:46:16,828 [INFO] Grafo cacheado cargado: /Users/henrylluptoncapunay/Documents/GitHub/Llupton_Henry_HW_02_202602/data/processed/routing_cache/amazonico/bike.graphml (osm-pbf)
2026-09-09 19:46:17,936 [INFO] Matriz cacheada: /Users/henrylluptoncapunay/Documents/GitHub/Llupton_Henry_HW_02_202602/data/processed/routing_cache/amazonico/real/matrix_bike.parquet
2026-09-09 19:46:17,942 [INFO] amazonico/bike: grafo=osm-pbf, matriz=736 filas
2026-09-09 19:46:18,736 [INFO] Quality report: /Users/henrylluptoncapunay/Documents/GitHub/Llupton_Henry_HW_02_202602/data/outputs/quality_report.json
2026-09-09 19:46:19,966 [INFO] Figuras exportadas a /Users/henrylluptoncapunay/Documents/GitHub/Llupton_Henry_HW_02_202602/report/figures
2026-09-09 19:46:19,991 [INFO] Métricas exportadas a /Users/henrylluptoncapunay/Documents/GitHub/Llupton_Henry_HW_02_202602/data/outputs
2026-09-09 19:46:19,991 [INFO] Pipeline completo.
2026-09-09 19:48:05,620 [INFO] SKIP (ya existe): /Users/henrylluptoncapunay/Documents/GitHub/Llupton_Henry_HW_02_202602/data/raw/renipress.csv
2026-09-09 19:48:05,621 [INFO] SKIP (ya existe): /Users/henrylluptoncapunay/Documents/GitHub/Llupton_Henry_HW_02_202602/data/raw/centros_poblados_ign.zip
2026-09-09 19:48:05,621 [INFO] SKIP (ya existe): /Users/henrylluptoncapunay/Documents/GitHub/Llupton_Henry_HW_02_202602/data/raw/poblacion_reniec.csv
2026-09-09 19:48:05,621 [INFO] SKIP (ya existe): /Users/henrylluptoncapunay/Documents/GitHub/Llupton_Henry_HW_02_202602/data/raw/distritos_inei/DISTRITOS.shp
2026-09-09 19:48:05,621 [INFO] === Departamento: costa ===
2026-09-09 19:48:05,621 [INFO] SKIP (real ya cargado) para costa
2026-09-09 19:48:05,730 [INFO] costa: 329 demanda validos, 110 facilities validas, 3 resolutivas activas
2026-09-09 19:48:07,220 [INFO] Grafo cacheado cargado: /Users/henrylluptoncapunay/Documents/GitHub/Llupton_Henry_HW_02_202602/data/processed/routing_cache/costa/drive.graphml (osm-pbf)
2026-09-09 19:48:07,351 [INFO] Matriz cacheada: /Users/henrylluptoncapunay/Documents/GitHub/Llupton_Henry_HW_02_202602/data/processed/routing_cache/costa/real/matrix_drive.parquet
2026-09-09 19:48:07,356 [INFO] costa/drive: grafo=osm-pbf, matriz=987 filas
2026-09-09 19:48:08,698 [INFO] Grafo cacheado cargado: /Users/henrylluptoncapunay/Documents/GitHub/Llupton_Henry_HW_02_202602/data/processed/routing_cache/costa/walk.graphml (osm-pbf)
2026-09-09 19:48:08,803 [INFO] Matriz cacheada: /Users/henrylluptoncapunay/Documents/GitHub/Llupton_Henry_HW_02_202602/data/processed/routing_cache/costa/real/matrix_walk.parquet
2026-09-09 19:48:08,805 [INFO] costa/walk: grafo=osm-pbf, matriz=987 filas
2026-09-09 19:48:10,181 [INFO] Grafo cacheado cargado: /Users/henrylluptoncapunay/Documents/GitHub/Llupton_Henry_HW_02_202602/data/processed/routing_cache/costa/bike.graphml (osm-pbf)
2026-09-09 19:48:10,296 [INFO] Matriz cacheada: /Users/henrylluptoncapunay/Documents/GitHub/Llupton_Henry_HW_02_202602/data/processed/routing_cache/costa/real/matrix_bike.parquet
2026-09-09 19:48:10,298 [INFO] costa/bike: grafo=osm-pbf, matriz=987 filas
2026-09-09 19:48:13,207 [INFO] === Departamento: andino ===
2026-09-09 19:48:13,208 [INFO] SKIP (real ya cargado) para andino
2026-09-09 19:48:13,309 [INFO] andino: 1673 demanda validos, 473 facilities validas, 5 resolutivas activas
2026-09-09 19:48:35,609 [INFO] Grafo cacheado cargado: /Users/henrylluptoncapunay/Documents/GitHub/Llupton_Henry_HW_02_202602/data/processed/routing_cache/andino/drive.graphml (osm-pbf)
2026-09-09 19:48:40,958 [INFO] Matriz cacheada: /Users/henrylluptoncapunay/Documents/GitHub/Llupton_Henry_HW_02_202602/data/processed/routing_cache/andino/real/matrix_drive.parquet
2026-09-09 19:48:40,963 [INFO] andino/drive: grafo=osm-pbf, matriz=8365 filas
2026-09-09 19:49:10,840 [INFO] Grafo cacheado cargado: /Users/henrylluptoncapunay/Documents/GitHub/Llupton_Henry_HW_02_202602/data/processed/routing_cache/andino/walk.graphml (osm-pbf)
2026-09-09 19:49:16,059 [INFO] Matriz cacheada: /Users/henrylluptoncapunay/Documents/GitHub/Llupton_Henry_HW_02_202602/data/processed/routing_cache/andino/real/matrix_walk.parquet
2026-09-09 19:49:16,063 [INFO] andino/walk: grafo=osm-pbf, matriz=8365 filas
2026-09-09 19:49:49,317 [INFO] Grafo cacheado cargado: /Users/henrylluptoncapunay/Documents/GitHub/Llupton_Henry_HW_02_202602/data/processed/routing_cache/andino/bike.graphml (osm-pbf)
2026-09-09 19:49:55,165 [INFO] Matriz cacheada: /Users/henrylluptoncapunay/Documents/GitHub/Llupton_Henry_HW_02_202602/data/processed/routing_cache/andino/real/matrix_bike.parquet
2026-09-09 19:49:55,170 [INFO] andino/bike: grafo=osm-pbf, matriz=8365 filas
2026-09-09 19:50:18,040 [INFO] === Departamento: amazonico ===
2026-09-09 19:50:18,041 [INFO] SKIP (real ya cargado) para amazonico
2026-09-09 19:50:18,112 [INFO] amazonico: 368 demanda validos, 217 facilities validas, 2 resolutivas activas
2026-09-09 19:50:29,334 [INFO] Grafo cacheado cargado: /Users/henrylluptoncapunay/Documents/GitHub/Llupton_Henry_HW_02_202602/data/processed/routing_cache/amazonico/drive.graphml (osm-pbf)
2026-09-09 19:50:30,517 [INFO] Matriz cacheada: /Users/henrylluptoncapunay/Documents/GitHub/Llupton_Henry_HW_02_202602/data/processed/routing_cache/amazonico/real/matrix_drive.parquet
2026-09-09 19:50:30,529 [INFO] amazonico/drive: grafo=osm-pbf, matriz=736 filas
2026-09-09 19:50:56,794 [INFO] Grafo cacheado cargado: /Users/henrylluptoncapunay/Documents/GitHub/Llupton_Henry_HW_02_202602/data/processed/routing_cache/amazonico/walk.graphml (osm-pbf)
2026-09-09 19:50:57,942 [INFO] Matriz cacheada: /Users/henrylluptoncapunay/Documents/GitHub/Llupton_Henry_HW_02_202602/data/processed/routing_cache/amazonico/real/matrix_walk.parquet
2026-09-09 19:50:57,949 [INFO] amazonico/walk: grafo=osm-pbf, matriz=736 filas
2026-09-09 19:51:17,540 [INFO] Grafo cacheado cargado: /Users/henrylluptoncapunay/Documents/GitHub/Llupton_Henry_HW_02_202602/data/processed/routing_cache/amazonico/bike.graphml (osm-pbf)
2026-09-09 19:51:18,715 [INFO] Matriz cacheada: /Users/henrylluptoncapunay/Documents/GitHub/Llupton_Henry_HW_02_202602/data/processed/routing_cache/amazonico/real/matrix_bike.parquet
2026-09-09 19:51:18,721 [INFO] amazonico/bike: grafo=osm-pbf, matriz=736 filas
2026-09-09 19:51:19,560 [INFO] Quality report: /Users/henrylluptoncapunay/Documents/GitHub/Llupton_Henry_HW_02_202602/data/outputs/quality_report.json
2026-09-09 19:51:20,880 [INFO] Figuras exportadas a /Users/henrylluptoncapunay/Documents/GitHub/Llupton_Henry_HW_02_202602/report/figures
2026-09-09 19:51:20,906 [INFO] Métricas exportadas a /Users/henrylluptoncapunay/Documents/GitHub/Llupton_Henry_HW_02_202602/data/outputs
2026-09-09 19:51:20,906 [INFO] Pipeline completo.
2026-09-09 20:14:56,948 [INFO] SKIP (ya existe): /Users/henrylluptoncapunay/Documents/GitHub/Llupton_Henry_HW_02_202602/data/raw/renipress.csv
2026-09-09 20:14:56,949 [INFO] SKIP (ya existe): /Users/henrylluptoncapunay/Documents/GitHub/Llupton_Henry_HW_02_202602/data/raw/centros_poblados_ign.zip
2026-09-09 20:14:56,949 [INFO] SKIP (ya existe): /Users/henrylluptoncapunay/Documents/GitHub/Llupton_Henry_HW_02_202602/data/raw/poblacion_reniec.csv
2026-09-09 20:14:56,949 [INFO] SKIP (ya existe): /Users/henrylluptoncapunay/Documents/GitHub/Llupton_Henry_HW_02_202602/data/raw/distritos_inei/DISTRITOS.shp
2026-09-09 20:14:56,949 [INFO] === Departamento: costa ===
2026-09-09 20:14:56,949 [INFO] SKIP (real ya cargado) para costa
2026-09-09 20:14:57,121 [INFO] costa: 329 demanda validos, 110 facilities validas, 3 resolutivas activas
2026-09-09 20:14:58,608 [INFO] Grafo cacheado cargado: /Users/henrylluptoncapunay/Documents/GitHub/Llupton_Henry_HW_02_202602/data/processed/routing_cache/costa/drive.graphml (osm-pbf)
2026-09-09 20:14:58,723 [INFO] Matriz cacheada: /Users/henrylluptoncapunay/Documents/GitHub/Llupton_Henry_HW_02_202602/data/processed/routing_cache/costa/real/matrix_drive.parquet
2026-09-09 20:14:58,726 [INFO] costa/drive: grafo=osm-pbf, matriz=987 filas
2026-09-09 20:15:00,093 [INFO] Grafo cacheado cargado: /Users/henrylluptoncapunay/Documents/GitHub/Llupton_Henry_HW_02_202602/data/processed/routing_cache/costa/walk.graphml (osm-pbf)
2026-09-09 20:15:00,198 [INFO] Matriz cacheada: /Users/henrylluptoncapunay/Documents/GitHub/Llupton_Henry_HW_02_202602/data/processed/routing_cache/costa/real/matrix_walk.parquet
2026-09-09 20:15:00,200 [INFO] costa/walk: grafo=osm-pbf, matriz=987 filas
2026-09-09 20:15:01,597 [INFO] Grafo cacheado cargado: /Users/henrylluptoncapunay/Documents/GitHub/Llupton_Henry_HW_02_202602/data/processed/routing_cache/costa/bike.graphml (osm-pbf)
2026-09-09 20:15:01,705 [INFO] Matriz cacheada: /Users/henrylluptoncapunay/Documents/GitHub/Llupton_Henry_HW_02_202602/data/processed/routing_cache/costa/real/matrix_bike.parquet
2026-09-09 20:15:01,707 [INFO] costa/bike: grafo=osm-pbf, matriz=987 filas
2026-09-09 20:15:04,670 [INFO] costa: 117/329 puntos sin ruta real -> t_min estimado (factor de desvío = 0.80)
2026-09-09 20:15:04,670 [INFO] === Departamento: andino ===
2026-09-09 20:15:04,671 [INFO] SKIP (real ya cargado) para andino
2026-09-09 20:15:04,771 [INFO] andino: 1673 demanda validos, 473 facilities validas, 5 resolutivas activas
2026-09-09 20:15:32,296 [INFO] Grafo cacheado cargado: /Users/henrylluptoncapunay/Documents/GitHub/Llupton_Henry_HW_02_202602/data/processed/routing_cache/andino/drive.graphml (osm-pbf)
2026-09-09 20:15:37,470 [INFO] Matriz cacheada: /Users/henrylluptoncapunay/Documents/GitHub/Llupton_Henry_HW_02_202602/data/processed/routing_cache/andino/real/matrix_drive.parquet
2026-09-09 20:15:37,476 [INFO] andino/drive: grafo=osm-pbf, matriz=8365 filas
2026-09-09 20:16:10,718 [INFO] Grafo cacheado cargado: /Users/henrylluptoncapunay/Documents/GitHub/Llupton_Henry_HW_02_202602/data/processed/routing_cache/andino/walk.graphml (osm-pbf)
2026-09-09 20:16:15,938 [INFO] Matriz cacheada: /Users/henrylluptoncapunay/Documents/GitHub/Llupton_Henry_HW_02_202602/data/processed/routing_cache/andino/real/matrix_walk.parquet
2026-09-09 20:16:15,973 [INFO] andino/walk: grafo=osm-pbf, matriz=8365 filas
2026-09-09 20:16:48,246 [INFO] Grafo cacheado cargado: /Users/henrylluptoncapunay/Documents/GitHub/Llupton_Henry_HW_02_202602/data/processed/routing_cache/andino/bike.graphml (osm-pbf)
2026-09-09 20:16:53,408 [INFO] Matriz cacheada: /Users/henrylluptoncapunay/Documents/GitHub/Llupton_Henry_HW_02_202602/data/processed/routing_cache/andino/real/matrix_bike.parquet
2026-09-09 20:16:53,421 [INFO] andino/bike: grafo=osm-pbf, matriz=8365 filas
2026-09-09 20:17:13,256 [INFO] andino: 185/1673 puntos sin ruta real -> t_min estimado (factor de desvío = 1.07)
2026-09-09 20:17:13,256 [INFO] === Departamento: amazonico ===
2026-09-09 20:17:13,257 [INFO] SKIP (real ya cargado) para amazonico
2026-09-09 20:17:13,340 [INFO] amazonico: 368 demanda validos, 217 facilities validas, 2 resolutivas activas
2026-09-09 20:17:24,018 [INFO] Grafo cacheado cargado: /Users/henrylluptoncapunay/Documents/GitHub/Llupton_Henry_HW_02_202602/data/processed/routing_cache/amazonico/drive.graphml (osm-pbf)
2026-09-09 20:17:25,073 [INFO] Matriz cacheada: /Users/henrylluptoncapunay/Documents/GitHub/Llupton_Henry_HW_02_202602/data/processed/routing_cache/amazonico/real/matrix_drive.parquet
2026-09-09 20:17:25,077 [INFO] amazonico/drive: grafo=osm-pbf, matriz=736 filas
2026-09-09 20:17:49,280 [INFO] Grafo cacheado cargado: /Users/henrylluptoncapunay/Documents/GitHub/Llupton_Henry_HW_02_202602/data/processed/routing_cache/amazonico/walk.graphml (osm-pbf)
2026-09-09 20:17:50,425 [INFO] Matriz cacheada: /Users/henrylluptoncapunay/Documents/GitHub/Llupton_Henry_HW_02_202602/data/processed/routing_cache/amazonico/real/matrix_walk.parquet
2026-09-09 20:17:50,440 [INFO] amazonico/walk: grafo=osm-pbf, matriz=736 filas
2026-09-09 20:18:09,374 [INFO] Grafo cacheado cargado: /Users/henrylluptoncapunay/Documents/GitHub/Llupton_Henry_HW_02_202602/data/processed/routing_cache/amazonico/bike.graphml (osm-pbf)
2026-09-09 20:18:10,466 [INFO] Matriz cacheada: /Users/henrylluptoncapunay/Documents/GitHub/Llupton_Henry_HW_02_202602/data/processed/routing_cache/amazonico/real/matrix_bike.parquet
2026-09-09 20:18:10,470 [INFO] amazonico/bike: grafo=osm-pbf, matriz=736 filas
2026-09-09 20:18:11,299 [INFO] amazonico: 202/368 puntos sin ruta real -> t_min estimado (factor de desvío = 0.77)
2026-09-09 20:18:11,301 [INFO] Quality report: /Users/henrylluptoncapunay/Documents/GitHub/Llupton_Henry_HW_02_202602/data/outputs/quality_report.json
2026-09-09 20:18:12,708 [INFO] Figuras exportadas a /Users/henrylluptoncapunay/Documents/GitHub/Llupton_Henry_HW_02_202602/report/figures
2026-09-09 20:18:12,731 [INFO] Métricas exportadas a /Users/henrylluptoncapunay/Documents/GitHub/Llupton_Henry_HW_02_202602/data/outputs
2026-09-09 20:18:12,731 [INFO] Pipeline completo.
2026-09-09 22:08:04,703 [INFO] SKIP (ya existe): /Users/henrylluptoncapunay/Documents/GitHub/Llupton_Henry_HW_02_202602/data/raw/renipress.csv
2026-09-09 22:08:04,704 [INFO] SKIP (ya existe): /Users/henrylluptoncapunay/Documents/GitHub/Llupton_Henry_HW_02_202602/data/raw/centros_poblados_ign.zip
2026-09-09 22:08:04,704 [INFO] SKIP (ya existe): /Users/henrylluptoncapunay/Documents/GitHub/Llupton_Henry_HW_02_202602/data/raw/poblacion_reniec.csv
2026-09-09 22:08:04,704 [INFO] SKIP (ya existe): /Users/henrylluptoncapunay/Documents/GitHub/Llupton_Henry_HW_02_202602/data/raw/distritos_inei/DISTRITOS.shp
2026-09-09 22:08:04,704 [INFO] === Departamento: costa ===
2026-09-09 22:08:04,960 [INFO] RENIPRESS real cargado para costa: 118 facilities
2026-09-09 22:08:05,996 [INFO] Centros poblados IGN cargados para costa: 329 puntos
2026-09-09 22:08:06,046 [INFO] Distritos INEI cargados para costa: 13 polígonos
2026-09-09 22:08:06,063 [WARNING] 40/329 centros poblados sin UBIGEO de distrito asignado (nombre no coincide)
2026-09-09 22:08:07,317 [WARNING] 40/329 centros poblados sin match de distrito en RENIEC (nombre no coincide) -> poblacion=0
2026-09-09 22:08:07,370 [INFO] Real cargado para costa: 329 demanda ({'muestreado': False, 'n_original': 329, 'n_final': 329}), 118 facilities, 13 distritos
2026-09-09 22:08:07,497 [INFO] costa: 329 demanda validos, 110 facilities validas, 3 resolutivas activas
2026-09-09 22:08:09,295 [INFO] Grafo cacheado cargado: /Users/henrylluptoncapunay/Documents/GitHub/Llupton_Henry_HW_02_202602/data/processed/routing_cache/costa/drive.graphml (osm-pbf)
2026-09-09 22:08:09,427 [INFO] Matriz cacheada: /Users/henrylluptoncapunay/Documents/GitHub/Llupton_Henry_HW_02_202602/data/processed/routing_cache/costa/real/matrix_drive.parquet
2026-09-09 22:08:09,432 [INFO] costa/drive: grafo=osm-pbf, matriz=987 filas
2026-09-09 22:08:11,724 [INFO] Grafo cacheado cargado: /Users/henrylluptoncapunay/Documents/GitHub/Llupton_Henry_HW_02_202602/data/processed/routing_cache/costa/walk.graphml (osm-pbf)
2026-09-09 22:08:11,842 [INFO] Matriz cacheada: /Users/henrylluptoncapunay/Documents/GitHub/Llupton_Henry_HW_02_202602/data/processed/routing_cache/costa/real/matrix_walk.parquet
2026-09-09 22:08:11,844 [INFO] costa/walk: grafo=osm-pbf, matriz=987 filas
2026-09-09 22:08:13,661 [INFO] Grafo cacheado cargado: /Users/henrylluptoncapunay/Documents/GitHub/Llupton_Henry_HW_02_202602/data/processed/routing_cache/costa/bike.graphml (osm-pbf)
2026-09-09 22:08:13,779 [INFO] Matriz cacheada: /Users/henrylluptoncapunay/Documents/GitHub/Llupton_Henry_HW_02_202602/data/processed/routing_cache/costa/real/matrix_bike.parquet
2026-09-09 22:08:13,783 [INFO] costa/bike: grafo=osm-pbf, matriz=987 filas
2026-09-09 22:08:17,308 [INFO] costa: 117/329 puntos sin ruta real -> t_min estimado (factor de desvío = 0.80)
2026-09-09 22:08:17,309 [INFO] === Departamento: andino ===
2026-09-09 22:08:17,559 [INFO] RENIPRESS real cargado para andino: 497 facilities
2026-09-09 22:08:18,555 [INFO] Centros poblados IGN cargados para andino: 8207 puntos
2026-09-09 22:08:18,628 [INFO] Distritos INEI cargados para andino: 100 polígonos
2026-09-09 22:08:18,660 [WARNING] 146/8207 centros poblados sin UBIGEO de distrito asignado (nombre no coincide)
2026-09-09 22:08:19,987 [WARNING] 146/8207 centros poblados sin match de distrito en RENIEC (nombre no coincide) -> poblacion=0
2026-09-09 22:08:20,031 [INFO] Muestreo aplicado: 8207 -> 1673 puntos (estratificado por distrito, fracción 0.203, seed 42)
2026-09-09 22:08:20,050 [INFO] Real cargado para andino: 1673 demanda ({'muestreado': True, 'n_original': 8207, 'n_final': 1673, 'estrategia': 'estratificado por distrito, fracción 0.203, seed 42'}), 497 facilities, 100 distritos
2026-09-09 22:08:20,180 [INFO] andino: 1673 demanda validos, 473 facilities validas, 5 resolutivas activas
2026-09-09 22:09:03,633 [INFO] Grafo cacheado cargado: /Users/henrylluptoncapunay/Documents/GitHub/Llupton_Henry_HW_02_202602/data/processed/routing_cache/andino/drive.graphml (osm-pbf)
2026-09-09 22:09:11,299 [INFO] Matriz cacheada: /Users/henrylluptoncapunay/Documents/GitHub/Llupton_Henry_HW_02_202602/data/processed/routing_cache/andino/real/matrix_drive.parquet
2026-09-09 22:09:11,311 [INFO] andino/drive: grafo=osm-pbf, matriz=8365 filas
2026-09-09 22:09:59,110 [INFO] Grafo cacheado cargado: /Users/henrylluptoncapunay/Documents/GitHub/Llupton_Henry_HW_02_202602/data/processed/routing_cache/andino/walk.graphml (osm-pbf)
2026-09-09 22:10:04,815 [INFO] Matriz cacheada: /Users/henrylluptoncapunay/Documents/GitHub/Llupton_Henry_HW_02_202602/data/processed/routing_cache/andino/real/matrix_walk.parquet
2026-09-09 22:10:04,821 [INFO] andino/walk: grafo=osm-pbf, matriz=8365 filas
2026-09-09 22:10:40,962 [INFO] Grafo cacheado cargado: /Users/henrylluptoncapunay/Documents/GitHub/Llupton_Henry_HW_02_202602/data/processed/routing_cache/andino/bike.graphml (osm-pbf)
2026-09-09 22:10:46,569 [INFO] Matriz cacheada: /Users/henrylluptoncapunay/Documents/GitHub/Llupton_Henry_HW_02_202602/data/processed/routing_cache/andino/real/matrix_bike.parquet
2026-09-09 22:10:46,576 [INFO] andino/bike: grafo=osm-pbf, matriz=8365 filas
2026-09-09 22:11:07,707 [INFO] andino: 185/1673 puntos sin ruta real -> t_min estimado (factor de desvío = 1.07)
2026-09-09 22:11:07,708 [INFO] === Departamento: amazonico ===
2026-09-09 22:11:07,915 [INFO] RENIPRESS real cargado para amazonico: 241 facilities
2026-09-09 22:11:08,713 [INFO] Centros poblados IGN cargados para amazonico: 368 puntos
2026-09-09 22:11:08,770 [INFO] Distritos INEI cargados para amazonico: 11 polígonos
2026-09-09 22:11:08,775 [WARNING] 17/368 centros poblados sin UBIGEO de distrito asignado (nombre no coincide)
2026-09-09 22:11:10,035 [WARNING] 17/368 centros poblados sin match de distrito en RENIEC (nombre no coincide) -> poblacion=0
2026-09-09 22:11:10,046 [INFO] Real cargado para amazonico: 368 demanda ({'muestreado': False, 'n_original': 368, 'n_final': 368}), 241 facilities, 11 distritos
2026-09-09 22:11:10,123 [INFO] amazonico: 368 demanda validos, 217 facilities validas, 2 resolutivas activas
2026-09-09 22:11:29,227 [INFO] Grafo cacheado cargado: /Users/henrylluptoncapunay/Documents/GitHub/Llupton_Henry_HW_02_202602/data/processed/routing_cache/amazonico/drive.graphml (osm-pbf)
2026-09-09 22:11:30,559 [INFO] Matriz cacheada: /Users/henrylluptoncapunay/Documents/GitHub/Llupton_Henry_HW_02_202602/data/processed/routing_cache/amazonico/real/matrix_drive.parquet
2026-09-09 22:11:30,565 [INFO] amazonico/drive: grafo=osm-pbf, matriz=736 filas
2026-09-09 22:11:57,542 [INFO] Grafo cacheado cargado: /Users/henrylluptoncapunay/Documents/GitHub/Llupton_Henry_HW_02_202602/data/processed/routing_cache/amazonico/walk.graphml (osm-pbf)
2026-09-09 22:11:58,801 [INFO] Matriz cacheada: /Users/henrylluptoncapunay/Documents/GitHub/Llupton_Henry_HW_02_202602/data/processed/routing_cache/amazonico/real/matrix_walk.parquet
2026-09-09 22:11:58,806 [INFO] amazonico/walk: grafo=osm-pbf, matriz=736 filas
2026-09-09 22:12:19,503 [INFO] Grafo cacheado cargado: /Users/henrylluptoncapunay/Documents/GitHub/Llupton_Henry_HW_02_202602/data/processed/routing_cache/amazonico/bike.graphml (osm-pbf)
2026-09-09 22:12:20,725 [INFO] Matriz cacheada: /Users/henrylluptoncapunay/Documents/GitHub/Llupton_Henry_HW_02_202602/data/processed/routing_cache/amazonico/real/matrix_bike.parquet
2026-09-09 22:12:20,730 [INFO] amazonico/bike: grafo=osm-pbf, matriz=736 filas
2026-09-09 22:12:21,640 [INFO] amazonico: 202/368 puntos sin ruta real -> t_min estimado (factor de desvío = 0.77)
2026-09-09 22:12:21,643 [INFO] Quality report: /Users/henrylluptoncapunay/Documents/GitHub/Llupton_Henry_HW_02_202602/data/outputs/quality_report.json
2026-09-09 22:12:23,181 [INFO] Figuras exportadas a /Users/henrylluptoncapunay/Documents/GitHub/Llupton_Henry_HW_02_202602/report/figures
2026-09-09 22:12:23,217 [INFO] Métricas exportadas a /Users/henrylluptoncapunay/Documents/GitHub/Llupton_Henry_HW_02_202602/data/outputs
2026-09-09 22:12:23,218 [INFO] Pipeline completo.
2026-09-09 22:37:47,800 [INFO] SKIP (ya existe): /Users/henrylluptoncapunay/Documents/GitHub/Llupton_Henry_HW_02_202602/data/raw/renipress.csv
2026-09-09 22:37:47,803 [INFO] SKIP (ya existe): /Users/henrylluptoncapunay/Documents/GitHub/Llupton_Henry_HW_02_202602/data/raw/centros_poblados_ign.zip
2026-09-09 22:37:47,803 [INFO] SKIP (ya existe): /Users/henrylluptoncapunay/Documents/GitHub/Llupton_Henry_HW_02_202602/data/raw/poblacion_reniec.csv
2026-09-09 22:37:47,804 [INFO] SKIP (ya existe): /Users/henrylluptoncapunay/Documents/GitHub/Llupton_Henry_HW_02_202602/data/raw/distritos_inei/DISTRITOS.shp
2026-09-09 22:37:47,804 [INFO] === Departamento: costa ===
2026-09-09 22:37:47,804 [INFO] SKIP (real ya cargado) para costa
2026-09-09 22:37:48,003 [INFO] costa: 329 demanda validos, 110 facilities validas, 3 resolutivas activas
2026-09-09 22:37:49,645 [INFO] Grafo cacheado cargado: /Users/henrylluptoncapunay/Documents/GitHub/Llupton_Henry_HW_02_202602/data/processed/routing_cache/costa/drive.graphml (osm-pbf)
2026-09-09 22:37:49,767 [INFO] Matriz cacheada: /Users/henrylluptoncapunay/Documents/GitHub/Llupton_Henry_HW_02_202602/data/processed/routing_cache/costa/real/matrix_drive.parquet
2026-09-09 22:37:49,771 [INFO] costa/drive: grafo=osm-pbf, matriz=987 filas
2026-09-09 22:37:51,456 [INFO] Grafo cacheado cargado: /Users/henrylluptoncapunay/Documents/GitHub/Llupton_Henry_HW_02_202602/data/processed/routing_cache/costa/walk.graphml (osm-pbf)
2026-09-09 22:37:51,567 [INFO] Matriz cacheada: /Users/henrylluptoncapunay/Documents/GitHub/Llupton_Henry_HW_02_202602/data/processed/routing_cache/costa/real/matrix_walk.parquet
2026-09-09 22:37:51,569 [INFO] costa/walk: grafo=osm-pbf, matriz=987 filas
2026-09-09 22:37:52,996 [INFO] Grafo cacheado cargado: /Users/henrylluptoncapunay/Documents/GitHub/Llupton_Henry_HW_02_202602/data/processed/routing_cache/costa/bike.graphml (osm-pbf)
2026-09-09 22:37:53,111 [INFO] Matriz cacheada: /Users/henrylluptoncapunay/Documents/GitHub/Llupton_Henry_HW_02_202602/data/processed/routing_cache/costa/real/matrix_bike.parquet
2026-09-09 22:37:53,113 [INFO] costa/bike: grafo=osm-pbf, matriz=987 filas
2026-09-09 22:37:56,471 [INFO] costa: 117/329 puntos sin ruta real -> t_min estimado (factor de desvío = 0.80)
2026-09-09 22:37:56,471 [INFO] === Departamento: andino ===
2026-09-09 22:37:56,472 [INFO] SKIP (real ya cargado) para andino
2026-09-09 22:37:56,588 [INFO] andino: 1673 demanda validos, 473 facilities validas, 5 resolutivas activas
2026-09-09 22:38:33,133 [INFO] Grafo cacheado cargado: /Users/henrylluptoncapunay/Documents/GitHub/Llupton_Henry_HW_02_202602/data/processed/routing_cache/andino/drive.graphml (osm-pbf)
2026-09-09 22:38:38,928 [INFO] Matriz cacheada: /Users/henrylluptoncapunay/Documents/GitHub/Llupton_Henry_HW_02_202602/data/processed/routing_cache/andino/real/matrix_drive.parquet
2026-09-09 22:38:39,007 [INFO] andino/drive: grafo=osm-pbf, matriz=8365 filas
2026-09-09 22:39:16,453 [INFO] Grafo cacheado cargado: /Users/henrylluptoncapunay/Documents/GitHub/Llupton_Henry_HW_02_202602/data/processed/routing_cache/andino/walk.graphml (osm-pbf)
2026-09-09 22:39:22,234 [INFO] Matriz cacheada: /Users/henrylluptoncapunay/Documents/GitHub/Llupton_Henry_HW_02_202602/data/processed/routing_cache/andino/real/matrix_walk.parquet
2026-09-09 22:39:22,250 [INFO] andino/walk: grafo=osm-pbf, matriz=8365 filas
2026-09-09 22:40:03,640 [INFO] Grafo cacheado cargado: /Users/henrylluptoncapunay/Documents/GitHub/Llupton_Henry_HW_02_202602/data/processed/routing_cache/andino/bike.graphml (osm-pbf)
2026-09-09 22:40:09,720 [INFO] Matriz cacheada: /Users/henrylluptoncapunay/Documents/GitHub/Llupton_Henry_HW_02_202602/data/processed/routing_cache/andino/real/matrix_bike.parquet
2026-09-09 22:40:09,727 [INFO] andino/bike: grafo=osm-pbf, matriz=8365 filas
2026-09-09 22:40:34,451 [INFO] andino: 185/1673 puntos sin ruta real -> t_min estimado (factor de desvío = 1.07)
2026-09-09 22:40:34,451 [INFO] === Departamento: amazonico ===
2026-09-09 22:40:34,452 [INFO] SKIP (real ya cargado) para amazonico
2026-09-09 22:40:34,537 [INFO] amazonico: 368 demanda validos, 217 facilities validas, 2 resolutivas activas
2026-09-09 22:40:45,424 [INFO] Grafo cacheado cargado: /Users/henrylluptoncapunay/Documents/GitHub/Llupton_Henry_HW_02_202602/data/processed/routing_cache/amazonico/drive.graphml (osm-pbf)
2026-09-09 22:40:46,493 [INFO] Matriz cacheada: /Users/henrylluptoncapunay/Documents/GitHub/Llupton_Henry_HW_02_202602/data/processed/routing_cache/amazonico/real/matrix_drive.parquet
2026-09-09 22:40:46,497 [INFO] amazonico/drive: grafo=osm-pbf, matriz=736 filas
2026-09-09 22:41:15,799 [INFO] Grafo cacheado cargado: /Users/henrylluptoncapunay/Documents/GitHub/Llupton_Henry_HW_02_202602/data/processed/routing_cache/amazonico/walk.graphml (osm-pbf)
2026-09-09 22:41:16,947 [INFO] Matriz cacheada: /Users/henrylluptoncapunay/Documents/GitHub/Llupton_Henry_HW_02_202602/data/processed/routing_cache/amazonico/real/matrix_walk.parquet
2026-09-09 22:41:16,962 [INFO] amazonico/walk: grafo=osm-pbf, matriz=736 filas
2026-09-09 22:41:37,221 [INFO] Grafo cacheado cargado: /Users/henrylluptoncapunay/Documents/GitHub/Llupton_Henry_HW_02_202602/data/processed/routing_cache/amazonico/bike.graphml (osm-pbf)
2026-09-09 22:41:38,496 [INFO] Matriz cacheada: /Users/henrylluptoncapunay/Documents/GitHub/Llupton_Henry_HW_02_202602/data/processed/routing_cache/amazonico/real/matrix_bike.parquet
2026-09-09 22:41:38,501 [INFO] amazonico/bike: grafo=osm-pbf, matriz=736 filas
2026-09-09 22:41:39,315 [INFO] amazonico: 202/368 puntos sin ruta real -> t_min estimado (factor de desvío = 0.77)
2026-09-09 22:41:39,316 [INFO] Quality report: /Users/henrylluptoncapunay/Documents/GitHub/Llupton_Henry_HW_02_202602/data/outputs/quality_report.json
2026-09-09 22:41:40,638 [INFO] Figuras exportadas a /Users/henrylluptoncapunay/Documents/GitHub/Llupton_Henry_HW_02_202602/report/figures
2026-09-09 22:41:40,667 [INFO] Métricas exportadas a /Users/henrylluptoncapunay/Documents/GitHub/Llupton_Henry_HW_02_202602/data/outputs
2026-09-09 22:41:40,667 [INFO] Pipeline completo.
